idVenta,fecha,hora,sucursal,producto,precioU,cantidad,importe,metodoPago,usuario
0,01/01/2021,12:32,sucursal 3,producto 7,1800,5,9000,tarjeta de debito,usuario 5
1,02/01/2021,17:24,sucursal 3,producto 4,3000,1,3000,transferencia,usuario 3
2,03/01/2021,17:55,sucursal 2,producto 1,1000,2,2000,tarjeta de credito,usuario 2
3,04/01/2021,12:30,sucursal 2,producto 4,3000,5,15000,efectivo,usuario 2
4,05/01/2021,16:58,sucursal 3,producto 5,2000,4,8000,efectivo,usuario 2
5,06/01/2021,19:10,sucursal 1,producto 6,3500,1,3500,codigo QR,usuario 4
6,07/01/2021,14:07,sucursal 2,producto 5,2000,1,2000,tarjeta de debito,usuario 1
7,08/01/2021,09:37,sucursal 2,producto 4,3000,2,6000,efectivo,usuario 5
8,09/01/2021,16:01,sucursal 2,producto 7,1800,2,3600,tarjeta de credito,usuario 3
9,10/01/2021,15:50,sucursal 1,producto 6,3500,5,17500,efectivo,usuario 1
10,11/01/2021,15:57,sucursal 2,producto 10,4000,2,8000,efectivo,usuario 4
11,12/01/2021,18:29,sucursal 3,producto 8,2700,4,10800,transferencia,usuario 3
12,13/01/2021,17:45,sucursal 1,producto 10,4000,4,16000,codigo QR,usuario 2
13,14/01/2021,14:29,sucursal 3,producto 2,2500,1,2500,efectivo,usuario 4
14,15/01/2021,22:46,sucursal 1,producto 7,1800,5,9000,transferencia,usuario 1
15,16/01/2021,14:10,sucursal 3,producto 4,3000,2,6000,tarjeta de credito,usuario 5
16,17/01/2021,10:06,sucursal 2,producto 1,1000,4,4000,tarjeta de debito,usuario 2
17,18/01/2021,19:58,sucursal 1,producto 7,1800,1,1800,codigo QR,usuario 5
18,19/01/2021,11:46,sucursal 2,producto 3,1500,3,4500,codigo QR,usuario 4
19,20/01/2021,10:23,sucursal 1,producto 10,4000,4,16000,otro,usuario 4
20,21/01/2021,09:51,sucursal 3,producto 8,2700,2,5400,transferencia,usuario 5
21,22/01/2021,12:18,sucursal 2,producto 2,2500,1,2500,tarjeta de debito,usuario 5
22,23/01/2021,22:58,sucursal 3,producto 2,2500,4,10000,codigo QR,usuario 5
23,24/01/2021,21:06,sucursal 1,producto 8,2700,2,5400,otro,usuario 3
24,25/01/2021,18:58,sucursal 2,producto 9,2200,1,2200,codigo QR,usuario 2
25,26/01/2021,14:44,sucursal 2,producto 6,3500,5,17500,transferencia,usuario 3
26,27/01/2021,20:44,sucursal 1,producto 1,1000,3,3000,codigo QR,usuario 3
27,28/01/2021,19:59,sucursal 3,producto 3,1500,5,7500,otro,usuario 3
28,29/01/2021,16:06,sucursal 2,producto 1,1000,5,5000,codigo QR,usuario 3
29,30/01/2021,16:44,sucursal 3,producto 7,1800,5,9000,transferencia,usuario 2
30,31/01/2021,19:12,sucursal 2,producto 8,2700,4,10800,tarjeta de credito,usuario 1
31,01/02/2021,17:21,sucursal 1,producto 5,2000,5,10000,efectivo,usuario 5
32,02/02/2021,10:53,sucursal 3,producto 6,3500,4,14000,tarjeta de credito,usuario 4
33,03/02/2021,11:09,sucursal 1,producto 10,4000,1,4000,tarjeta de credito,usuario 5
34,04/02/2021,21:55,sucursal 1,producto 3,1500,1,1500,tarjeta de credito,usuario 2
35,05/02/2021,10:25,sucursal 2,producto 4,3000,3,9000,transferencia,usuario 3
36,06/02/2021,14:19,sucursal 1,producto 1,1000,2,2000,tarjeta de credito,usuario 3
37,07/02/2021,14:49,sucursal 2,producto 9,2200,4,8800,efectivo,usuario 2
38,08/02/2021,12:00,sucursal 1,producto 5,2000,2,4000,codigo QR,usuario 2
39,09/02/2021,14:16,sucursal 3,producto 2,2500,4,10000,efectivo,usuario 4
40,10/02/2021,18:13,sucursal 3,producto 8,2700,2,5400,codigo QR,usuario 5
41,11/02/2021,16:12,sucursal 3,producto 8,2700,3,8100,transferencia,usuario 4
42,12/02/2021,20:23,sucursal 1,producto 4,3000,5,15000,efectivo,usuario 5
43,13/02/2021,18:04,sucursal 3,producto 2,2500,5,12500,codigo QR,usuario 1
44,14/02/2021,13:22,sucursal 3,producto 10,4000,2,8000,efectivo,usuario 3
45,15/02/2021,13:27,sucursal 1,producto 10,4000,1,4000,efectivo,usuario 3
46,16/02/2021,22:28,sucursal 3,producto 5,2000,3,6000,transferencia,usuario 1
47,17/02/2021,14:28,sucursal 1,producto 10,4000,5,20000,codigo QR,usuario 1
48,18/02/2021,09:27,sucursal 1,producto 6,3500,5,17500,otro,usuario 1
49,19/02/2021,09:56,sucursal 1,producto 3,1500,1,1500,tarjeta de credito,usuario 3
50,20/02/2021,17:40,sucursal 1,producto 8,2700,2,5400,tarjeta de credito,usuario 4
51,21/02/2021,20:13,sucursal 2,producto 8,2700,4,10800,efectivo,usuario 3
52,22/02/2021,22:50,sucursal 3,producto 1,1000,1,1000,efectivo,usuario 2
53,23/02/2021,10:54,sucursal 1,producto 5,2000,2,4000,tarjeta de credito,usuario 5
54,24/02/2021,14:48,sucursal 2,producto 3,1500,1,1500,codigo QR,usuario 5
55,25/02/2021,21:20,sucursal 3,producto 3,1500,4,6000,tarjeta de credito,usuario 4
56,26/02/2021,09:22,sucursal 3,producto 4,3000,3,9000,tarjeta de credito,usuario 3
57,27/02/2021,13:42,sucursal 2,producto 6,3500,2,7000,codigo QR,usuario 2
58,28/02/2021,20:19,sucursal 3,producto 1,1000,2,2000,otro,usuario 1
59,01/03/2021,17:06,sucursal 1,producto 3,1500,4,6000,tarjeta de credito,usuario 5
60,02/03/2021,16:00,sucursal 1,producto 7,1800,3,5400,tarjeta de debito,usuario 4
61,03/03/2021,12:36,sucursal 1,producto 9,2200,3,6600,efectivo,usuario 3
62,04/03/2021,15:46,sucursal 3,producto 2,2500,1,2500,transferencia,usuario 1
63,05/03/2021,13:37,sucursal 1,producto 4,3000,4,12000,tarjeta de debito,usuario 3
64,06/03/2021,18:28,sucursal 1,producto 6,3500,3,10500,transferencia,usuario 4
65,07/03/2021,22:46,sucursal 1,producto 6,3500,4,14000,efectivo,usuario 1
66,08/03/2021,09:53,sucursal 2,producto 4,3000,4,12000,tarjeta de debito,usuario 5
67,09/03/2021,22:25,sucursal 2,producto 8,2700,3,8100,otro,usuario 3
68,10/03/2021,16:44,sucursal 2,producto 4,3000,1,3000,efectivo,usuario 5
69,11/03/2021,17:59,sucursal 2,producto 3,1500,5,7500,otro,usuario 3
70,12/03/2021,15:56,sucursal 2,producto 1,1000,3,3000,tarjeta de debito,usuario 2
71,13/03/2021,18:28,sucursal 1,producto 4,3000,1,3000,tarjeta de debito,usuario 3
72,14/03/2021,09:29,sucursal 1,producto 9,2200,3,6600,efectivo,usuario 3
73,15/03/2021,21:07,sucursal 1,producto 1,1000,2,2000,tarjeta de credito,usuario 3
74,16/03/2021,10:03,sucursal 2,producto 4,3000,1,3000,transferencia,usuario 1
75,17/03/2021,16:01,sucursal 3,producto 8,2700,2,5400,tarjeta de credito,usuario 1
76,18/03/2021,14:08,sucursal 3,producto 7,1800,3,5400,tarjeta de credito,usuario 2
77,19/03/2021,18:33,sucursal 1,producto 9,2200,2,4400,tarjeta de debito,usuario 3
78,20/03/2021,21:38,sucursal 1,producto 5,2000,5,10000,transferencia,usuario 1
79,21/03/2021,16:13,sucursal 2,producto 5,2000,5,10000,otro,usuario 2
80,22/03/2021,10:18,sucursal 1,producto 7,1800,1,1800,efectivo,usuario 1
81,23/03/2021,13:29,sucursal 1,producto 8,2700,5,13500,tarjeta de debito,usuario 1
82,24/03/2021,22:46,sucursal 3,producto 6,3500,1,3500,tarjeta de debito,usuario 3
83,25/03/2021,17:54,sucursal 3,producto 3,1500,3,4500,transferencia,usuario 3
84,26/03/2021,22:17,sucursal 2,producto 10,4000,3,12000,efectivo,usuario 2
85,27/03/2021,14:18,sucursal 3,producto 10,4000,3,12000,transferencia,usuario 1
86,28/03/2021,18:46,sucursal 2,producto 1,1000,1,1000,otro,usuario 1
87,29/03/2021,10:24,sucursal 2,producto 4,3000,3,9000,efectivo,usuario 1
88,30/03/2021,18:03,sucursal 2,producto 5,2000,4,8000,transferencia,usuario 1
89,31/03/2021,17:12,sucursal 1,producto 2,2500,2,5000,tarjeta de debito,usuario 4
90,01/04/2021,20:44,sucursal 2,producto 3,1500,4,6000,otro,usuario 2
91,02/04/2021,09:45,sucursal 2,producto 6,3500,4,14000,tarjeta de debito,usuario 1
92,03/04/2021,11:44,sucursal 2,producto 6,3500,4,14000,tarjeta de debito,usuario 1
93,04/04/2021,15:22,sucursal 2,producto 8,2700,2,5400,codigo QR,usuario 3
94,05/04/2021,17:13,sucursal 3,producto 2,2500,4,10000,tarjeta de debito,usuario 5
95,06/04/2021,14:27,sucursal 2,producto 8,2700,1,2700,otro,usuario 1
96,07/04/2021,10:59,sucursal 2,producto 6,3500,4,14000,otro,usuario 4
97,08/04/2021,17:57,sucursal 3,producto 2,2500,1,2500,transferencia,usuario 4
98,09/04/2021,10:26,sucursal 3,producto 8,2700,2,5400,tarjeta de debito,usuario 2
99,10/04/2021,22:02,sucursal 2,producto 8,2700,4,10800,otro,usuario 1
100,11/04/2021,11:36,sucursal 2,producto 1,1000,2,2000,otro,usuario 2
101,12/04/2021,10:51,sucursal 2,producto 5,2000,2,4000,otro,usuario 1
102,13/04/2021,14:07,sucursal 1,producto 2,2500,2,5000,efectivo,usuario 4
103,14/04/2021,14:30,sucursal 1,producto 2,2500,5,12500,transferencia,usuario 5
104,15/04/2021,11:48,sucursal 2,producto 9,2200,4,8800,efectivo,usuario 1
105,16/04/2021,16:37,sucursal 1,producto 9,2200,2,4400,transferencia,usuario 3
106,17/04/2021,12:59,sucursal 3,producto 3,1500,4,6000,transferencia,usuario 1
107,18/04/2021,21:12,sucursal 1,producto 8,2700,3,8100,efectivo,usuario 2
108,19/04/2021,13:03,sucursal 2,producto 10,4000,1,4000,transferencia,usuario 1
109,20/04/2021,21:20,sucursal 3,producto 9,2200,1,2200,otro,usuario 2
110,21/04/2021,17:10,sucursal 3,producto 9,2200,3,6600,tarjeta de credito,usuario 5
111,22/04/2021,20:14,sucursal 3,producto 3,1500,4,6000,efectivo,usuario 4
112,23/04/2021,14:46,sucursal 2,producto 5,2000,1,2000,efectivo,usuario 5
113,24/04/2021,10:08,sucursal 1,producto 10,4000,3,12000,otro,usuario 5
114,25/04/2021,15:12,sucursal 1,producto 9,2200,3,6600,otro,usuario 1
115,26/04/2021,22:38,sucursal 2,producto 6,3500,5,17500,tarjeta de credito,usuario 1
116,27/04/2021,16:47,sucursal 1,producto 4,3000,1,3000,tarjeta de credito,usuario 4
117,28/04/2021,21:09,sucursal 3,producto 4,3000,2,6000,tarjeta de debito,usuario 2
118,29/04/2021,11:52,sucursal 1,producto 10,4000,2,8000,transferencia,usuario 1
119,30/04/2021,13:37,sucursal 2,producto 6,3500,5,17500,tarjeta de debito,usuario 3
120,01/05/2021,22:43,sucursal 2,producto 2,2500,2,5000,codigo QR,usuario 4
121,02/05/2021,10:49,sucursal 2,producto 8,2700,1,2700,tarjeta de debito,usuario 2
122,03/05/2021,12:35,sucursal 1,producto 5,2000,3,6000,transferencia,usuario 5
123,04/05/2021,14:24,sucursal 1,producto 5,2000,2,4000,codigo QR,usuario 5
124,05/05/2021,16:30,sucursal 2,producto 9,2200,3,6600,tarjeta de credito,usuario 3
125,06/05/2021,13:45,sucursal 1,producto 1,1000,4,4000,efectivo,usuario 2
126,07/05/2021,17:32,sucursal 2,producto 2,2500,3,7500,efectivo,usuario 3
127,08/05/2021,11:17,sucursal 3,producto 3,1500,1,1500,efectivo,usuario 4
128,09/05/2021,10:39,sucursal 1,producto 10,4000,1,4000,tarjeta de debito,usuario 3
129,10/05/2021,10:14,sucursal 1,producto 6,3500,1,3500,tarjeta de debito,usuario 3
130,11/05/2021,19:22,sucursal 1,producto 7,1800,3,5400,efectivo,usuario 5
131,12/05/2021,13:31,sucursal 2,producto 8,2700,1,2700,efectivo,usuario 4
132,13/05/2021,21:15,sucursal 3,producto 9,2200,4,8800,efectivo,usuario 5
133,14/05/2021,16:53,sucursal 2,producto 2,2500,5,12500,tarjeta de credito,usuario 4
134,15/05/2021,13:42,sucursal 2,producto 6,3500,2,7000,codigo QR,usuario 5
135,16/05/2021,22:03,sucursal 3,producto 3,1500,2,3000,tarjeta de debito,usuario 1
136,17/05/2021,20:06,sucursal 3,producto 9,2200,1,2200,tarjeta de credito,usuario 3
137,18/05/2021,16:58,sucursal 3,producto 1,1000,4,4000,tarjeta de credito,usuario 2
138,19/05/2021,09:09,sucursal 3,producto 8,2700,1,2700,tarjeta de credito,usuario 3
139,20/05/2021,22:54,sucursal 2,producto 5,2000,4,8000,tarjeta de debito,usuario 2
140,21/05/2021,21:18,sucursal 1,producto 4,3000,2,6000,codigo QR,usuario 5
141,22/05/2021,22:04,sucursal 1,producto 1,1000,3,3000,transferencia,usuario 3
142,23/05/2021,15:07,sucursal 2,producto 3,1500,3,4500,codigo QR,usuario 1
143,24/05/2021,20:44,sucursal 1,producto 1,1000,3,3000,otro,usuario 1
144,25/05/2021,19:12,sucursal 2,producto 3,1500,3,4500,tarjeta de debito,usuario 1
145,26/05/2021,14:50,sucursal 3,producto 5,2000,2,4000,transferencia,usuario 4
146,27/05/2021,15:34,sucursal 1,producto 6,3500,3,10500,tarjeta de credito,usuario 5
147,28/05/2021,16:18,sucursal 3,producto 5,2000,2,4000,tarjeta de debito,usuario 5
148,29/05/2021,12:56,sucursal 2,producto 8,2700,1,2700,efectivo,usuario 4
149,30/05/2021,11:21,sucursal 2,producto 8,2700,1,2700,transferencia,usuario 2
150,31/05/2021,13:08,sucursal 3,producto 1,1000,4,4000,codigo QR,usuario 4
151,01/06/2021,15:02,sucursal 3,producto 7,1800,1,1800,efectivo,usuario 3
152,02/06/2021,18:25,sucursal 1,producto 4,3000,1,3000,codigo QR,usuario 2
153,03/06/2021,18:05,sucursal 2,producto 6,3500,2,7000,tarjeta de debito,usuario 3
154,04/06/2021,10:36,sucursal 2,producto 2,2500,2,5000,codigo QR,usuario 2
155,05/06/2021,16:57,sucursal 3,producto 2,2500,5,12500,otro,usuario 3
156,06/06/2021,10:49,sucursal 2,producto 9,2200,4,8800,tarjeta de credito,usuario 1
157,07/06/2021,16:40,sucursal 3,producto 4,3000,4,12000,tarjeta de credito,usuario 4
158,08/06/2021,21:28,sucursal 1,producto 9,2200,2,4400,tarjeta de debito,usuario 3
159,09/06/2021,20:02,sucursal 1,producto 1,1000,2,2000,transferencia,usuario 5
160,10/06/2021,10:16,sucursal 2,producto 7,1800,4,7200,transferencia,usuario 2
161,11/06/2021,18:51,sucursal 2,producto 6,3500,3,10500,tarjeta de debito,usuario 5
162,12/06/2021,22:46,sucursal 3,producto 10,4000,3,12000,otro,usuario 2
163,13/06/2021,16:12,sucursal 2,producto 2,2500,3,7500,tarjeta de debito,usuario 5
164,14/06/2021,14:43,sucursal 3,producto 5,2000,3,6000,codigo QR,usuario 1
165,15/06/2021,13:53,sucursal 1,producto 9,2200,2,4400,tarjeta de credito,usuario 4
166,16/06/2021,11:09,sucursal 2,producto 1,1000,3,3000,efectivo,usuario 2
167,17/06/2021,10:45,sucursal 2,producto 5,2000,2,4000,tarjeta de debito,usuario 2
168,18/06/2021,11:32,sucursal 3,producto 2,2500,4,10000,tarjeta de debito,usuario 1
169,19/06/2021,14:34,sucursal 2,producto 5,2000,1,2000,tarjeta de credito,usuario 5
170,20/06/2021,14:00,sucursal 2,producto 2,2500,4,10000,codigo QR,usuario 3
171,21/06/2021,22:08,sucursal 1,producto 1,1000,2,2000,transferencia,usuario 2
172,22/06/2021,16:21,sucursal 2,producto 6,3500,2,7000,efectivo,usuario 1
173,23/06/2021,14:50,sucursal 1,producto 4,3000,3,9000,efectivo,usuario 2
174,24/06/2021,13:52,sucursal 2,producto 1,1000,4,4000,tarjeta de credito,usuario 2
175,25/06/2021,17:34,sucursal 1,producto 5,2000,2,4000,otro,usuario 1
176,26/06/2021,12:37,sucursal 2,producto 7,1800,3,5400,tarjeta de credito,usuario 1
177,27/06/2021,17:20,sucursal 1,producto 3,1500,2,3000,tarjeta de debito,usuario 5
178,28/06/2021,12:51,sucursal 2,producto 5,2000,2,4000,transferencia,usuario 4
179,29/06/2021,21:51,sucursal 3,producto 4,3000,1,3000,tarjeta de credito,usuario 3
180,30/06/2021,14:56,sucursal 2,producto 6,3500,3,10500,efectivo,usuario 4
181,01/07/2021,11:14,sucursal 2,producto 2,2500,5,12500,otro,usuario 4
182,02/07/2021,16:04,sucursal 1,producto 10,4000,1,4000,tarjeta de debito,usuario 4
183,03/07/2021,10:47,sucursal 3,producto 6,3500,3,10500,otro,usuario 5
184,04/07/2021,09:43,sucursal 1,producto 7,1800,3,5400,tarjeta de credito,usuario 2
185,05/07/2021,20:59,sucursal 1,producto 4,3000,4,12000,otro,usuario 5
186,06/07/2021,21:21,sucursal 1,producto 9,2200,5,11000,transferencia,usuario 1
187,07/07/2021,12:03,sucursal 3,producto 7,1800,2,3600,transferencia,usuario 5
188,08/07/2021,13:47,sucursal 2,producto 2,2500,3,7500,otro,usuario 1
189,09/07/2021,16:45,sucursal 3,producto 5,2000,2,4000,tarjeta de credito,usuario 3
190,10/07/2021,19:40,sucursal 3,producto 3,1500,1,1500,transferencia,usuario 5
191,11/07/2021,09:06,sucursal 2,producto 4,3000,4,12000,tarjeta de credito,usuario 2
192,12/07/2021,20:40,sucursal 2,producto 7,1800,3,5400,tarjeta de debito,usuario 1
193,13/07/2021,11:16,sucursal 2,producto 10,4000,4,16000,transferencia,usuario 4
194,14/07/2021,20:40,sucursal 1,producto 10,4000,1,4000,codigo QR,usuario 4
195,15/07/2021,12:50,sucursal 1,producto 8,2700,5,13500,efectivo,usuario 2
196,16/07/2021,19:54,sucursal 3,producto 7,1800,3,5400,tarjeta de debito,usuario 2
197,17/07/2021,15:31,sucursal 1,producto 1,1000,5,5000,transferencia,usuario 3
198,18/07/2021,10:20,sucursal 1,producto 5,2000,4,8000,transferencia,usuario 3
199,19/07/2021,19:08,sucursal 3,producto 8,2700,4,10800,codigo QR,usuario 2
200,20/07/2021,21:16,sucursal 3,producto 2,2500,2,5000,otro,usuario 4
201,21/07/2021,19:45,sucursal 1,producto 3,1500,3,4500,efectivo,usuario 5
202,22/07/2021,16:38,sucursal 3,producto 7,1800,1,1800,otro,usuario 5
203,23/07/2021,11:01,sucursal 2,producto 5,2000,3,6000,transferencia,usuario 1
204,24/07/2021,14:14,sucursal 1,producto 9,2200,5,11000,codigo QR,usuario 4
205,25/07/2021,22:23,sucursal 3,producto 6,3500,2,7000,tarjeta de credito,usuario 3
206,26/07/2021,17:11,sucursal 3,producto 6,3500,2,7000,otro,usuario 4
207,27/07/2021,16:04,sucursal 2,producto 2,2500,4,10000,efectivo,usuario 5
208,28/07/2021,21:00,sucursal 2,producto 4,3000,4,12000,transferencia,usuario 5
209,29/07/2021,19:00,sucursal 1,producto 3,1500,1,1500,efectivo,usuario 5
210,30/07/2021,17:27,sucursal 2,producto 6,3500,2,7000,efectivo,usuario 2
211,31/07/2021,20:15,sucursal 1,producto 7,1800,4,7200,codigo QR,usuario 5
212,01/08/2021,14:22,sucursal 2,producto 7,1800,2,3600,tarjeta de debito,usuario 4
213,02/08/2021,16:24,sucursal 3,producto 2,2500,3,7500,tarjeta de credito,usuario 3
214,03/08/2021,21:25,sucursal 2,producto 9,2200,4,8800,efectivo,usuario 2
215,04/08/2021,22:45,sucursal 2,producto 6,3500,5,17500,efectivo,usuario 4
216,05/08/2021,19:22,sucursal 1,producto 6,3500,3,10500,tarjeta de credito,usuario 4
217,06/08/2021,11:03,sucursal 2,producto 2,2500,1,2500,efectivo,usuario 4
218,07/08/2021,21:18,sucursal 2,producto 10,4000,1,4000,tarjeta de credito,usuario 4
219,08/08/2021,19:42,sucursal 1,producto 3,1500,2,3000,tarjeta de credito,usuario 4
220,09/08/2021,16:37,sucursal 3,producto 10,4000,3,12000,codigo QR,usuario 1
221,10/08/2021,10:35,sucursal 2,producto 6,3500,4,14000,otro,usuario 2
222,11/08/2021,19:27,sucursal 3,producto 1,1000,5,5000,efectivo,usuario 2
223,12/08/2021,19:23,sucursal 2,producto 4,3000,2,6000,codigo QR,usuario 2
224,13/08/2021,13:13,sucursal 2,producto 1,1000,4,4000,efectivo,usuario 5
225,14/08/2021,09:03,sucursal 1,producto 3,1500,5,7500,tarjeta de credito,usuario 1
226,15/08/2021,16:11,sucursal 1,producto 5,2000,1,2000,otro,usuario 4
227,16/08/2021,20:50,sucursal 2,producto 8,2700,1,2700,efectivo,usuario 1
228,17/08/2021,10:04,sucursal 2,producto 8,2700,3,8100,tarjeta de debito,usuario 1
229,18/08/2021,13:46,sucursal 3,producto 7,1800,1,1800,transferencia,usuario 2
230,19/08/2021,13:24,sucursal 2,producto 1,1000,2,2000,efectivo,usuario 3
231,20/08/2021,10:12,sucursal 1,producto 4,3000,2,6000,tarjeta de debito,usuario 3
232,21/08/2021,12:18,sucursal 1,producto 10,4000,4,16000,codigo QR,usuario 2
233,22/08/2021,17:13,sucursal 1,producto 10,4000,4,16000,tarjeta de debito,usuario 1
234,23/08/2021,14:22,sucursal 2,producto 3,1500,4,6000,tarjeta de debito,usuario 1
235,24/08/2021,10:57,sucursal 1,producto 2,2500,5,12500,tarjeta de credito,usuario 3
236,25/08/2021,09:16,sucursal 2,producto 1,1000,2,2000,transferencia,usuario 5
237,26/08/2021,19:57,sucursal 3,producto 5,2000,2,4000,efectivo,usuario 5
238,27/08/2021,22:41,sucursal 3,producto 1,1000,3,3000,codigo QR,usuario 2
239,28/08/2021,18:38,sucursal 3,producto 1,1000,4,4000,otro,usuario 1
240,29/08/2021,21:00,sucursal 3,producto 5,2000,4,8000,tarjeta de credito,usuario 2
241,30/08/2021,12:13,sucursal 1,producto 7,1800,3,5400,otro,usuario 1
242,31/08/2021,21:03,sucursal 2,producto 7,1800,3,5400,transferencia,usuario 3
243,01/09/2021,16:35,sucursal 1,producto 9,2200,4,8800,tarjeta de debito,usuario 1
244,02/09/2021,17:49,sucursal 3,producto 4,3000,2,6000,tarjeta de debito,usuario 5
245,03/09/2021,20:34,sucursal 3,producto 2,2500,1,2500,efectivo,usuario 5
246,04/09/2021,19:56,sucursal 2,producto 10,4000,3,12000,codigo QR,usuario 3
247,05/09/2021,17:41,sucursal 1,producto 6,3500,1,3500,otro,usuario 5
248,06/09/2021,22:39,sucursal 1,producto 2,2500,4,10000,transferencia,usuario 4
249,07/09/2021,16:25,sucursal 1,producto 2,2500,4,10000,codigo QR,usuario 2
250,08/09/2021,16:27,sucursal 1,producto 1,1000,2,2000,codigo QR,usuario 2
251,09/09/2021,19:05,sucursal 1,producto 9,2200,4,8800,transferencia,usuario 4
252,10/09/2021,16:58,sucursal 3,producto 7,1800,5,9000,otro,usuario 1
253,11/09/2021,22:13,sucursal 3,producto 4,3000,3,9000,otro,usuario 2
254,12/09/2021,11:53,sucursal 2,producto 10,4000,3,12000,transferencia,usuario 3
255,13/09/2021,19:05,sucursal 3,producto 3,1500,2,3000,otro,usuario 3
256,14/09/2021,10:59,sucursal 2,producto 9,2200,4,8800,transferencia,usuario 2
257,15/09/2021,22:56,sucursal 1,producto 8,2700,4,10800,efectivo,usuario 3
258,16/09/2021,18:18,sucursal 3,producto 1,1000,1,1000,otro,usuario 2
259,17/09/2021,12:54,sucursal 1,producto 2,2500,5,12500,otro,usuario 4
260,18/09/2021,12:51,sucursal 1,producto 4,3000,3,9000,transferencia,usuario 2
261,19/09/2021,15:13,sucursal 3,producto 4,3000,5,15000,transferencia,usuario 4
262,20/09/2021,20:07,sucursal 2,producto 2,2500,5,12500,efectivo,usuario 2
263,21/09/2021,15:27,sucursal 2,producto 6,3500,2,7000,otro,usuario 3
264,22/09/2021,14:08,sucursal 1,producto 8,2700,2,5400,codigo QR,usuario 4
265,23/09/2021,12:22,sucursal 1,producto 3,1500,2,3000,tarjeta de debito,usuario 1
266,24/09/2021,10:05,sucursal 2,producto 6,3500,4,14000,efectivo,usuario 5
267,25/09/2021,11:03,sucursal 1,producto 7,1800,4,7200,transferencia,usuario 5
268,26/09/2021,14:34,sucursal 1,producto 2,2500,2,5000,transferencia,usuario 4
269,27/09/2021,22:37,sucursal 1,producto 2,2500,5,12500,tarjeta de debito,usuario 3
270,28/09/2021,20:30,sucursal 1,producto 1,1000,5,5000,transferencia,usuario 3
271,29/09/2021,18:09,sucursal 2,producto 10,4000,2,8000,codigo QR,usuario 2
272,30/09/2021,16:24,sucursal 2,producto 3,1500,2,3000,efectivo,usuario 2
273,01/10/2021,22:27,sucursal 1,producto 1,1000,4,4000,otro,usuario 1
274,02/10/2021,21:33,sucursal 1,producto 2,2500,5,12500,otro,usuario 1
275,03/10/2021,14:41,sucursal 2,producto 6,3500,5,17500,transferencia,usuario 4
276,04/10/2021,12:21,sucursal 1,producto 5,2000,2,4000,tarjeta de debito,usuario 2
277,05/10/2021,10:54,sucursal 1,producto 9,2200,4,8800,transferencia,usuario 5
278,06/10/2021,12:21,sucursal 1,producto 5,2000,1,2000,codigo QR,usuario 3
279,07/10/2021,15:06,sucursal 3,producto 10,4000,4,16000,tarjeta de debito,usuario 1
280,08/10/2021,09:25,sucursal 3,producto 2,2500,3,7500,efectivo,usuario 3
281,09/10/2021,13:34,sucursal 1,producto 2,2500,5,12500,tarjeta de credito,usuario 3
282,10/10/2021,11:49,sucursal 2,producto 2,2500,5,12500,codigo QR,usuario 4
283,11/10/2021,16:10,sucursal 3,producto 3,1500,3,4500,codigo QR,usuario 5
284,12/10/2021,12:38,sucursal 3,producto 7,1800,3,5400,tarjeta de credito,usuario 2
285,13/10/2021,11:19,sucursal 1,producto 10,4000,5,20000,transferencia,usuario 5
286,14/10/2021,13:31,sucursal 2,producto 7,1800,1,1800,codigo QR,usuario 4
287,15/10/2021,10:46,sucursal 1,producto 9,2200,4,8800,otro,usuario 4
288,16/10/2021,22:56,sucursal 1,producto 6,3500,2,7000,codigo QR,usuario 5
289,17/10/2021,09:11,sucursal 1,producto 10,4000,2,8000,codigo QR,usuario 1
290,18/10/2021,22:19,sucursal 2,producto 2,2500,5,12500,codigo QR,usuario 5
291,19/10/2021,09:25,sucursal 3,producto 8,2700,3,8100,efectivo,usuario 2
292,20/10/2021,14:55,sucursal 1,producto 1,1000,2,2000,codigo QR,usuario 5
293,21/10/2021,22:48,sucursal 3,producto 10,4000,4,16000,tarjeta de credito,usuario 4
294,22/10/2021,21:45,sucursal 3,producto 8,2700,3,8100,tarjeta de debito,usuario 2
295,23/10/2021,17:25,sucursal 1,producto 10,4000,3,12000,codigo QR,usuario 4
296,24/10/2021,22:18,sucursal 3,producto 5,2000,2,4000,tarjeta de debito,usuario 3
297,25/10/2021,19:41,sucursal 3,producto 10,4000,1,4000,efectivo,usuario 4
298,26/10/2021,16:02,sucursal 1,producto 9,2200,5,11000,efectivo,usuario 5
299,27/10/2021,15:01,sucursal 2,producto 1,1000,5,5000,tarjeta de debito,usuario 3
300,28/10/2021,11:40,sucursal 3,producto 5,2000,1,2000,efectivo,usuario 3
301,29/10/2021,12:25,sucursal 1,producto 9,2200,3,6600,codigo QR,usuario 5
302,30/10/2021,21:05,sucursal 1,producto 6,3500,4,14000,efectivo,usuario 4
303,31/10/2021,22:33,sucursal 3,producto 10,4000,5,20000,otro,usuario 1
304,01/11/2021,12:03,sucursal 1,producto 3,1500,5,7500,efectivo,usuario 2
305,02/11/2021,09:00,sucursal 1,producto 9,2200,5,11000,tarjeta de credito,usuario 2
306,03/11/2021,18:11,sucursal 3,producto 10,4000,5,20000,tarjeta de credito,usuario 3
307,04/11/2021,19:59,sucursal 2,producto 5,2000,1,2000,transferencia,usuario 2
308,05/11/2021,14:49,sucursal 2,producto 2,2500,4,10000,codigo QR,usuario 5
309,06/11/2021,15:51,sucursal 3,producto 7,1800,1,1800,codigo QR,usuario 4
310,07/11/2021,18:38,sucursal 3,producto 5,2000,2,4000,codigo QR,usuario 5
311,08/11/2021,20:07,sucursal 3,producto 4,3000,4,12000,transferencia,usuario 3
312,09/11/2021,21:04,sucursal 2,producto 5,2000,4,8000,efectivo,usuario 2
313,10/11/2021,11:14,sucursal 2,producto 1,1000,5,5000,tarjeta de debito,usuario 5
314,11/11/2021,10:19,sucursal 3,producto 5,2000,5,10000,otro,usuario 3
315,12/11/2021,17:35,sucursal 1,producto 1,1000,5,5000,otro,usuario 5
316,13/11/2021,10:02,sucursal 2,producto 5,2000,1,2000,efectivo,usuario 5
317,14/11/2021,15:56,sucursal 3,producto 2,2500,2,5000,transferencia,usuario 3
318,15/11/2021,20:47,sucursal 3,producto 7,1800,5,9000,tarjeta de credito,usuario 1
319,16/11/2021,14:57,sucursal 3,producto 8,2700,1,2700,codigo QR,usuario 3
320,17/11/2021,21:23,sucursal 2,producto 6,3500,1,3500,otro,usuario 3
321,18/11/2021,14:50,sucursal 2,producto 10,4000,4,16000,codigo QR,usuario 2
322,19/11/2021,10:51,sucursal 1,producto 4,3000,3,9000,efectivo,usuario 4
323,20/11/2021,19:48,sucursal 2,producto 1,1000,5,5000,tarjeta de debito,usuario 4
324,21/11/2021,14:38,sucursal 1,producto 1,1000,5,5000,codigo QR,usuario 2
325,22/11/2021,14:40,sucursal 2,producto 5,2000,3,6000,tarjeta de debito,usuario 3
326,23/11/2021,20:25,sucursal 3,producto 8,2700,4,10800,efectivo,usuario 1
327,24/11/2021,20:37,sucursal 3,producto 8,2700,2,5400,efectivo,usuario 5
328,25/11/2021,16:27,sucursal 1,producto 7,1800,2,3600,otro,usuario 2
329,26/11/2021,20:51,sucursal 3,producto 5,2000,3,6000,tarjeta de credito,usuario 3
330,27/11/2021,09:06,sucursal 2,producto 4,3000,1,3000,tarjeta de debito,usuario 3
331,28/11/2021,14:08,sucursal 3,producto 2,2500,1,2500,tarjeta de debito,usuario 2
332,29/11/2021,13:55,sucursal 1,producto 7,1800,2,3600,otro,usuario 3
333,30/11/2021,17:45,sucursal 2,producto 5,2000,3,6000,transferencia,usuario 4
334,01/12/2021,10:47,sucursal 1,producto 7,1800,1,1800,tarjeta de credito,usuario 4
335,02/12/2021,22:32,sucursal 1,producto 6,3500,5,17500,codigo QR,usuario 3
336,03/12/2021,17:10,sucursal 1,producto 9,2200,5,11000,transferencia,usuario 3
337,04/12/2021,16:13,sucursal 1,producto 1,1000,3,3000,transferencia,usuario 4
338,05/12/2021,19:10,sucursal 1,producto 1,1000,1,1000,efectivo,usuario 5
339,06/12/2021,20:36,sucursal 2,producto 2,2500,1,2500,efectivo,usuario 1
340,07/12/2021,15:12,sucursal 1,producto 10,4000,5,20000,otro,usuario 3
341,08/12/2021,22:51,sucursal 1,producto 7,1800,2,3600,tarjeta de credito,usuario 2
342,09/12/2021,10:57,sucursal 1,producto 4,3000,4,12000,tarjeta de debito,usuario 2
343,10/12/2021,21:08,sucursal 3,producto 10,4000,2,8000,otro,usuario 3
344,11/12/2021,11:05,sucursal 2,producto 1,1000,3,3000,codigo QR,usuario 2
345,12/12/2021,11:54,sucursal 2,producto 5,2000,3,6000,tarjeta de credito,usuario 1
346,13/12/2021,21:59,sucursal 1,producto 6,3500,5,17500,tarjeta de debito,usuario 4
347,14/12/2021,20:17,sucursal 2,producto 10,4000,5,20000,transferencia,usuario 1
348,15/12/2021,18:14,sucursal 1,producto 7,1800,5,9000,tarjeta de debito,usuario 5
349,16/12/2021,12:04,sucursal 1,producto 1,1000,5,5000,codigo QR,usuario 1
350,17/12/2021,10:44,sucursal 2,producto 4,3000,3,9000,efectivo,usuario 4
351,18/12/2021,16:20,sucursal 3,producto 2,2500,3,7500,otro,usuario 3
352,19/12/2021,14:28,sucursal 3,producto 1,1000,1,1000,codigo QR,usuario 4
353,20/12/2021,11:32,sucursal 2,producto 9,2200,4,8800,tarjeta de credito,usuario 1
354,21/12/2021,15:09,sucursal 2,producto 2,2500,1,2500,tarjeta de credito,usuario 4
355,22/12/2021,13:17,sucursal 3,producto 7,1800,1,1800,tarjeta de credito,usuario 3
356,23/12/2021,22:24,sucursal 3,producto 5,2000,5,10000,tarjeta de credito,usuario 3
357,24/12/2021,20:45,sucursal 3,producto 3,1500,4,6000,transferencia,usuario 2
358,25/12/2021,18:54,sucursal 1,producto 7,1800,5,9000,tarjeta de credito,usuario 5
359,26/12/2021,17:28,sucursal 2,producto 2,2500,5,12500,transferencia,usuario 2
360,27/12/2021,11:22,sucursal 3,producto 10,4000,3,12000,codigo QR,usuario 3
361,28/12/2021,16:33,sucursal 3,producto 5,2000,2,4000,otro,usuario 5
362,29/12/2021,20:04,sucursal 1,producto 3,1500,1,1500,codigo QR,usuario 4
363,30/12/2021,22:34,sucursal 1,producto 3,1500,4,6000,otro,usuario 2
364,31/12/2021,21:15,sucursal 1,producto 9,2200,1,2200,transferencia,usuario 2
365,01/01/2022,15:34,sucursal 1,producto 10,4000,3,12000,codigo QR,usuario 4
366,02/01/2022,10:56,sucursal 3,producto 3,1500,1,1500,tarjeta de debito,usuario 3
367,03/01/2022,11:30,sucursal 3,producto 1,1000,4,4000,tarjeta de credito,usuario 5
368,04/01/2022,19:11,sucursal 1,producto 1,1000,1,1000,tarjeta de debito,usuario 5
369,05/01/2022,21:39,sucursal 1,producto 1,1000,1,1000,transferencia,usuario 4
370,06/01/2022,10:49,sucursal 2,producto 10,4000,2,8000,transferencia,usuario 3
371,07/01/2022,10:38,sucursal 2,producto 9,2200,1,2200,tarjeta de debito,usuario 5
372,08/01/2022,18:31,sucursal 3,producto 2,2500,1,2500,tarjeta de debito,usuario 1
373,09/01/2022,12:20,sucursal 1,producto 2,2500,1,2500,efectivo,usuario 1
374,10/01/2022,15:16,sucursal 1,producto 1,1000,1,1000,transferencia,usuario 5
375,11/01/2022,18:14,sucursal 2,producto 1,1000,5,5000,transferencia,usuario 1
376,12/01/2022,12:27,sucursal 2,producto 1,1000,3,3000,transferencia,usuario 5
377,13/01/2022,19:17,sucursal 2,producto 3,1500,1,1500,otro,usuario 1
378,14/01/2022,09:21,sucursal 1,producto 6,3500,3,10500,codigo QR,usuario 3
379,15/01/2022,14:07,sucursal 3,producto 3,1500,5,7500,efectivo,usuario 3
380,16/01/2022,11:55,sucursal 1,producto 5,2000,5,10000,tarjeta de credito,usuario 1
381,17/01/2022,22:09,sucursal 2,producto 8,2700,1,2700,otro,usuario 1
382,18/01/2022,21:11,sucursal 1,producto 4,3000,3,9000,codigo QR,usuario 1
383,19/01/2022,09:23,sucursal 3,producto 1,1000,3,3000,transferencia,usuario 1
384,20/01/2022,18:50,sucursal 2,producto 2,2500,3,7500,tarjeta de credito,usuario 1
385,21/01/2022,18:16,sucursal 2,producto 2,2500,3,7500,transferencia,usuario 3
386,22/01/2022,19:55,sucursal 3,producto 2,2500,5,12500,transferencia,usuario 3
387,23/01/2022,11:14,sucursal 2,producto 3,1500,2,3000,otro,usuario 2
388,24/01/2022,20:22,sucursal 3,producto 4,3000,4,12000,efectivo,usuario 1
389,25/01/2022,19:45,sucursal 1,producto 9,2200,4,8800,codigo QR,usuario 2
390,26/01/2022,12:27,sucursal 2,producto 4,3000,2,6000,efectivo,usuario 5
391,27/01/2022,14:44,sucursal 1,producto 8,2700,4,10800,efectivo,usuario 3
392,28/01/2022,19:22,sucursal 2,producto 6,3500,1,3500,transferencia,usuario 2
393,29/01/2022,12:11,sucursal 2,producto 6,3500,1,3500,otro,usuario 4
394,30/01/2022,19:33,sucursal 2,producto 5,2000,5,10000,transferencia,usuario 4
395,31/01/2022,15:15,sucursal 2,producto 4,3000,1,3000,transferencia,usuario 5
396,01/02/2022,22:46,sucursal 1,producto 2,2500,1,2500,codigo QR,usuario 4
397,02/02/2022,17:47,sucursal 3,producto 4,3000,1,3000,efectivo,usuario 5
398,03/02/2022,20:21,sucursal 2,producto 7,1800,1,1800,codigo QR,usuario 4
399,04/02/2022,15:56,sucursal 1,producto 3,1500,3,4500,transferencia,usuario 2
400,05/02/2022,17:43,sucursal 1,producto 2,2500,1,2500,transferencia,usuario 5
401,06/02/2022,09:45,sucursal 3,producto 9,2200,1,2200,otro,usuario 1
402,07/02/2022,20:51,sucursal 2,producto 9,2200,2,4400,transferencia,usuario 5
403,08/02/2022,13:24,sucursal 2,producto 2,2500,4,10000,efectivo,usuario 2
404,09/02/2022,16:08,sucursal 1,producto 1,1000,2,2000,tarjeta de debito,usuario 5
405,10/02/2022,15:38,sucursal 2,producto 9,2200,3,6600,tarjeta de credito,usuario 2
406,11/02/2022,12:34,sucursal 1,producto 5,2000,1,2000,efectivo,usuario 4
407,12/02/2022,20:47,sucursal 3,producto 5,2000,1,2000,efectivo,usuario 5
408,13/02/2022,15:49,sucursal 1,producto 2,2500,3,7500,transferencia,usuario 3
409,14/02/2022,17:19,sucursal 2,producto 7,1800,5,9000,efectivo,usuario 5
410,15/02/2022,17:32,sucursal 2,producto 7,1800,2,3600,transferencia,usuario 3
411,16/02/2022,10:26,sucursal 1,producto 3,1500,1,1500,tarjeta de debito,usuario 4
412,17/02/2022,22:42,sucursal 3,producto 6,3500,4,14000,otro,usuario 3
413,18/02/2022,18:48,sucursal 1,producto 3,1500,5,7500,otro,usuario 2
414,19/02/2022,22:29,sucursal 3,producto 6,3500,2,7000,tarjeta de credito,usuario 1
415,20/02/2022,10:36,sucursal 2,producto 8,2700,3,8100,efectivo,usuario 4
416,21/02/2022,09:21,sucursal 1,producto 7,1800,3,5400,tarjeta de debito,usuario 2
417,22/02/2022,09:41,sucursal 3,producto 10,4000,4,16000,transferencia,usuario 5
418,23/02/2022,13:47,sucursal 2,producto 2,2500,2,5000,efectivo,usuario 1
419,24/02/2022,16:06,sucursal 3,producto 2,2500,2,5000,tarjeta de credito,usuario 5
420,25/02/2022,18:43,sucursal 1,producto 8,2700,5,13500,transferencia,usuario 2
421,26/02/2022,14:34,sucursal 3,producto 5,2000,4,8000,otro,usuario 3
422,27/02/2022,16:24,sucursal 1,producto 4,3000,4,12000,efectivo,usuario 4
423,28/02/2022,14:52,sucursal 3,producto 1,1000,4,4000,transferencia,usuario 5
424,01/03/2022,14:46,sucursal 1,producto 3,1500,3,4500,codigo QR,usuario 1
425,02/03/2022,09:03,sucursal 1,producto 2,2500,4,10000,tarjeta de credito,usuario 2
426,03/03/2022,11:01,sucursal 2,producto 1,1000,1,1000,efectivo,usuario 5
427,04/03/2022,15:26,sucursal 1,producto 2,2500,3,7500,codigo QR,usuario 1
428,05/03/2022,14:48,sucursal 2,producto 6,3500,1,3500,tarjeta de debito,usuario 5
429,06/03/2022,20:49,sucursal 1,producto 9,2200,5,11000,tarjeta de credito,usuario 1
430,07/03/2022,15:26,sucursal 2,producto 9,2200,4,8800,tarjeta de debito,usuario 2
431,08/03/2022,21:29,sucursal 2,producto 1,1000,5,5000,transferencia,usuario 1
432,09/03/2022,13:25,sucursal 1,producto 8,2700,5,13500,codigo QR,usuario 3
433,10/03/2022,15:35,sucursal 3,producto 9,2200,2,4400,tarjeta de credito,usuario 5
434,11/03/2022,15:16,sucursal 2,producto 9,2200,4,8800,tarjeta de credito,usuario 2
435,12/03/2022,13:56,sucursal 1,producto 5,2000,2,4000,transferencia,usuario 2
436,13/03/2022,21:30,sucursal 2,producto 8,2700,5,13500,otro,usuario 1
437,14/03/2022,10:46,sucursal 1,producto 6,3500,4,14000,codigo QR,usuario 2
438,15/03/2022,15:33,sucursal 3,producto 6,3500,4,14000,tarjeta de credito,usuario 3
439,16/03/2022,19:32,sucursal 3,producto 1,1000,3,3000,efectivo,usuario 3
440,17/03/2022,09:32,sucursal 2,producto 8,2700,5,13500,codigo QR,usuario 4
441,18/03/2022,11:35,sucursal 2,producto 8,2700,2,5400,otro,usuario 5
442,19/03/2022,18:02,sucursal 2,producto 5,2000,4,8000,tarjeta de debito,usuario 3
443,20/03/2022,22:24,sucursal 3,producto 9,2200,1,2200,tarjeta de debito,usuario 4
444,21/03/2022,21:21,sucursal 3,producto 2,2500,5,12500,transferencia,usuario 4
445,22/03/2022,19:31,sucursal 3,producto 5,2000,5,10000,codigo QR,usuario 3
446,23/03/2022,10:13,sucursal 2,producto 10,4000,2,8000,transferencia,usuario 1
447,24/03/2022,20:14,sucursal 1,producto 5,2000,3,6000,tarjeta de debito,usuario 4
448,25/03/2022,14:02,sucursal 3,producto 8,2700,2,5400,efectivo,usuario 1
449,26/03/2022,18:30,sucursal 3,producto 9,2200,5,11000,codigo QR,usuario 5
450,27/03/2022,17:33,sucursal 2,producto 4,3000,1,3000,tarjeta de debito,usuario 1
451,28/03/2022,18:11,sucursal 2,producto 6,3500,3,10500,tarjeta de credito,usuario 2
452,29/03/2022,19:00,sucursal 2,producto 8,2700,1,2700,tarjeta de credito,usuario 2
453,30/03/2022,21:46,sucursal 2,producto 9,2200,2,4400,transferencia,usuario 2
454,31/03/2022,12:41,sucursal 3,producto 7,1800,2,3600,tarjeta de debito,usuario 1
455,01/04/2022,18:23,sucursal 2,producto 5,2000,3,6000,tarjeta de debito,usuario 3
456,02/04/2022,21:35,sucursal 3,producto 6,3500,2,7000,tarjeta de debito,usuario 1
457,03/04/2022,22:45,sucursal 2,producto 8,2700,5,13500,transferencia,usuario 3
458,04/04/2022,18:31,sucursal 1,producto 7,1800,4,7200,efectivo,usuario 4
459,05/04/2022,16:39,sucursal 3,producto 4,3000,1,3000,transferencia,usuario 2
460,06/04/2022,11:11,sucursal 1,producto 8,2700,4,10800,codigo QR,usuario 4
461,07/04/2022,15:40,sucursal 1,producto 5,2000,2,4000,transferencia,usuario 1
462,08/04/2022,09:08,sucursal 2,producto 2,2500,4,10000,codigo QR,usuario 4
463,09/04/2022,16:15,sucursal 3,producto 6,3500,4,14000,codigo QR,usuario 4
464,10/04/2022,18:03,sucursal 1,producto 2,2500,2,5000,otro,usuario 4
465,11/04/2022,09:19,sucursal 3,producto 1,1000,1,1000,transferencia,usuario 4
466,12/04/2022,17:39,sucursal 2,producto 6,3500,2,7000,tarjeta de debito,usuario 1
467,13/04/2022,09:00,sucursal 1,producto 1,1000,5,5000,efectivo,usuario 4
468,14/04/2022,13:57,sucursal 3,producto 5,2000,3,6000,codigo QR,usuario 3
469,15/04/2022,18:12,sucursal 2,producto 6,3500,5,17500,tarjeta de debito,usuario 5
470,16/04/2022,19:21,sucursal 1,producto 4,3000,5,15000,transferencia,usuario 3
471,17/04/2022,17:29,sucursal 1,producto 6,3500,5,17500,transferencia,usuario 4
472,18/04/2022,12:21,sucursal 2,producto 7,1800,3,5400,tarjeta de debito,usuario 2
473,19/04/2022,11:03,sucursal 3,producto 5,2000,2,4000,transferencia,usuario 3
474,20/04/2022,20:06,sucursal 3,producto 3,1500,4,6000,transferencia,usuario 3
475,21/04/2022,17:15,sucursal 3,producto 4,3000,5,15000,tarjeta de credito,usuario 1
476,22/04/2022,16:03,sucursal 1,producto 10,4000,2,8000,tarjeta de debito,usuario 4
477,23/04/2022,09:03,sucursal 2,producto 9,2200,1,2200,tarjeta de debito,usuario 1
478,24/04/2022,13:29,sucursal 1,producto 8,2700,1,2700,efectivo,usuario 3
479,25/04/2022,15:28,sucursal 3,producto 9,2200,1,2200,tarjeta de debito,usuario 1
480,26/04/2022,13:00,sucursal 2,producto 3,1500,5,7500,efectivo,usuario 3
481,27/04/2022,10:30,sucursal 3,producto 8,2700,5,13500,codigo QR,usuario 4
482,28/04/2022,22:04,sucursal 1,producto 9,2200,3,6600,efectivo,usuario 1
483,29/04/2022,15:20,sucursal 3,producto 8,2700,2,5400,tarjeta de credito,usuario 4
484,30/04/2022,15:01,sucursal 2,producto 5,2000,3,6000,efectivo,usuario 1
485,01/05/2022,21:14,sucursal 3,producto 7,1800,5,9000,tarjeta de credito,usuario 5
486,02/05/2022,16:27,sucursal 1,producto 8,2700,1,2700,tarjeta de credito,usuario 2
487,03/05/2022,16:53,sucursal 1,producto 4,3000,4,12000,transferencia,usuario 1
488,04/05/2022,10:36,sucursal 2,producto 9,2200,3,6600,tarjeta de debito,usuario 3
489,05/05/2022,17:06,sucursal 1,producto 4,3000,1,3000,tarjeta de debito,usuario 4
490,06/05/2022,11:44,sucursal 3,producto 3,1500,5,7500,otro,usuario 2
491,07/05/2022,15:19,sucursal 3,producto 8,2700,2,5400,codigo QR,usuario 1
492,08/05/2022,17:30,sucursal 2,producto 1,1000,4,4000,tarjeta de credito,usuario 2
493,09/05/2022,13:56,sucursal 2,producto 8,2700,1,2700,codigo QR,usuario 4
494,10/05/2022,14:28,sucursal 1,producto 9,2200,3,6600,tarjeta de credito,usuario 4
495,11/05/2022,18:50,sucursal 1,producto 3,1500,3,4500,transferencia,usuario 2
496,12/05/2022,22:12,sucursal 2,producto 1,1000,2,2000,otro,usuario 1
497,13/05/2022,21:54,sucursal 3,producto 5,2000,3,6000,otro,usuario 2
498,14/05/2022,21:14,sucursal 1,producto 3,1500,5,7500,otro,usuario 3
499,15/05/2022,20:15,sucursal 3,producto 5,2000,5,10000,efectivo,usuario 2
500,16/05/2022,16:37,sucursal 2,producto 6,3500,5,17500,tarjeta de debito,usuario 4
501,17/05/2022,11:41,sucursal 1,producto 10,4000,3,12000,tarjeta de credito,usuario 2
502,18/05/2022,17:16,sucursal 2,producto 5,2000,5,10000,otro,usuario 2
503,19/05/2022,12:41,sucursal 1,producto 3,1500,2,3000,efectivo,usuario 4
504,20/05/2022,18:58,sucursal 2,producto 10,4000,4,16000,tarjeta de credito,usuario 3
505,21/05/2022,16:24,sucursal 1,producto 6,3500,4,14000,tarjeta de credito,usuario 1
506,22/05/2022,10:00,sucursal 1,producto 1,1000,5,5000,tarjeta de debito,usuario 1
507,23/05/2022,11:40,sucursal 2,producto 7,1800,5,9000,tarjeta de debito,usuario 3
508,24/05/2022,20:02,sucursal 3,producto 5,2000,3,6000,tarjeta de debito,usuario 1
509,25/05/2022,12:26,sucursal 3,producto 9,2200,5,11000,codigo QR,usuario 2
510,26/05/2022,18:02,sucursal 3,producto 2,2500,2,5000,tarjeta de debito,usuario 4
511,27/05/2022,21:31,sucursal 3,producto 1,1000,2,2000,efectivo,usuario 5
512,28/05/2022,12:36,sucursal 1,producto 1,1000,3,3000,efectivo,usuario 2
513,29/05/2022,20:35,sucursal 2,producto 7,1800,5,9000,tarjeta de credito,usuario 2
514,30/05/2022,09:24,sucursal 1,producto 5,2000,1,2000,transferencia,usuario 1
515,31/05/2022,20:09,sucursal 2,producto 4,3000,1,3000,tarjeta de credito,usuario 5
516,01/06/2022,09:49,sucursal 1,producto 10,4000,5,20000,transferencia,usuario 4
517,02/06/2022,13:40,sucursal 3,producto 2,2500,4,10000,tarjeta de credito,usuario 1
518,03/06/2022,13:59,sucursal 2,producto 5,2000,3,6000,tarjeta de credito,usuario 2
519,04/06/2022,18:45,sucursal 1,producto 2,2500,4,10000,codigo QR,usuario 2
520,05/06/2022,11:23,sucursal 3,producto 2,2500,5,12500,efectivo,usuario 5
521,06/06/2022,09:13,sucursal 1,producto 4,3000,2,6000,tarjeta de debito,usuario 4
522,07/06/2022,15:42,sucursal 3,producto 7,1800,1,1800,otro,usuario 5
523,08/06/2022,11:44,sucursal 2,producto 1,1000,4,4000,codigo QR,usuario 1
524,09/06/2022,13:37,sucursal 2,producto 1,1000,5,5000,transferencia,usuario 4
525,10/06/2022,18:04,sucursal 3,producto 4,3000,4,12000,tarjeta de debito,usuario 5
526,11/06/2022,09:37,sucursal 1,producto 8,2700,5,13500,transferencia,usuario 5
527,12/06/2022,22:30,sucursal 1,producto 1,1000,5,5000,tarjeta de credito,usuario 1
528,13/06/2022,19:51,sucursal 1,producto 7,1800,3,5400,codigo QR,usuario 5
529,14/06/2022,14:55,sucursal 2,producto 8,2700,1,2700,transferencia,usuario 5
530,15/06/2022,16:42,sucursal 2,producto 9,2200,1,2200,codigo QR,usuario 5
531,16/06/2022,18:24,sucursal 1,producto 6,3500,5,17500,tarjeta de credito,usuario 5
532,17/06/2022,09:08,sucursal 1,producto 6,3500,2,7000,tarjeta de debito,usuario 1
533,18/06/2022,17:27,sucursal 1,producto 2,2500,4,10000,codigo QR,usuario 1
534,19/06/2022,19:36,sucursal 1,producto 3,1500,3,4500,codigo QR,usuario 2
535,20/06/2022,22:26,sucursal 1,producto 6,3500,4,14000,otro,usuario 4
536,21/06/2022,15:55,sucursal 1,producto 8,2700,2,5400,otro,usuario 3
537,22/06/2022,15:14,sucursal 3,producto 9,2200,1,2200,tarjeta de credito,usuario 5
538,23/06/2022,20:16,sucursal 1,producto 1,1000,4,4000,efectivo,usuario 2
539,24/06/2022,18:51,sucursal 3,producto 7,1800,1,1800,tarjeta de credito,usuario 3
540,25/06/2022,09:01,sucursal 3,producto 5,2000,2,4000,tarjeta de debito,usuario 3
541,26/06/2022,11:23,sucursal 3,producto 8,2700,3,8100,efectivo,usuario 1
542,27/06/2022,18:17,sucursal 2,producto 1,1000,5,5000,codigo QR,usuario 5
543,28/06/2022,17:13,sucursal 1,producto 2,2500,1,2500,otro,usuario 3
544,29/06/2022,10:47,sucursal 3,producto 7,1800,2,3600,otro,usuario 2
545,30/06/2022,18:36,sucursal 1,producto 7,1800,3,5400,tarjeta de debito,usuario 3
546,01/07/2022,14:37,sucursal 3,producto 4,3000,2,6000,efectivo,usuario 5
547,02/07/2022,16:19,sucursal 1,producto 1,1000,3,3000,tarjeta de debito,usuario 1
548,03/07/2022,16:06,sucursal 2,producto 5,2000,2,4000,efectivo,usuario 1
549,04/07/2022,09:03,sucursal 2,producto 4,3000,2,6000,otro,usuario 1
550,05/07/2022,13:34,sucursal 3,producto 5,2000,2,4000,codigo QR,usuario 1
551,06/07/2022,10:10,sucursal 3,producto 7,1800,1,1800,codigo QR,usuario 3
552,07/07/2022,17:24,sucursal 3,producto 9,2200,1,2200,efectivo,usuario 4
553,08/07/2022,12:40,sucursal 1,producto 5,2000,4,8000,otro,usuario 5
554,09/07/2022,22:50,sucursal 2,producto 4,3000,5,15000,tarjeta de debito,usuario 4
555,10/07/2022,19:57,sucursal 3,producto 7,1800,2,3600,codigo QR,usuario 4
556,11/07/2022,15:26,sucursal 2,producto 8,2700,2,5400,efectivo,usuario 3
557,12/07/2022,11:05,sucursal 1,producto 2,2500,3,7500,tarjeta de debito,usuario 1
558,13/07/2022,19:57,sucursal 1,producto 1,1000,3,3000,transferencia,usuario 4
559,14/07/2022,20:50,sucursal 3,producto 9,2200,5,11000,transferencia,usuario 3
560,15/07/2022,13:04,sucursal 2,producto 2,2500,4,10000,tarjeta de debito,usuario 3
561,16/07/2022,14:49,sucursal 2,producto 4,3000,4,12000,tarjeta de credito,usuario 5
562,17/07/2022,14:13,sucursal 1,producto 2,2500,3,7500,transferencia,usuario 5
563,18/07/2022,17:41,sucursal 2,producto 3,1500,1,1500,tarjeta de debito,usuario 4
564,19/07/2022,21:55,sucursal 3,producto 10,4000,3,12000,efectivo,usuario 2
565,20/07/2022,20:33,sucursal 2,producto 7,1800,2,3600,codigo QR,usuario 2
566,21/07/2022,20:26,sucursal 3,producto 8,2700,3,8100,tarjeta de debito,usuario 2
567,22/07/2022,17:56,sucursal 1,producto 3,1500,3,4500,codigo QR,usuario 2
568,23/07/2022,11:54,sucursal 3,producto 7,1800,3,5400,tarjeta de debito,usuario 5
569,24/07/2022,10:51,sucursal 2,producto 2,2500,5,12500,codigo QR,usuario 4
570,25/07/2022,11:26,sucursal 2,producto 6,3500,2,7000,efectivo,usuario 1
571,26/07/2022,13:10,sucursal 2,producto 10,4000,1,4000,otro,usuario 5
572,27/07/2022,21:02,sucursal 2,producto 3,1500,5,7500,efectivo,usuario 1
573,28/07/2022,18:13,sucursal 1,producto 10,4000,5,20000,efectivo,usuario 2
574,29/07/2022,22:50,sucursal 2,producto 9,2200,2,4400,tarjeta de credito,usuario 3
575,30/07/2022,14:49,sucursal 1,producto 4,3000,2,6000,otro,usuario 4
576,31/07/2022,16:00,sucursal 2,producto 9,2200,4,8800,efectivo,usuario 3
577,01/08/2022,11:59,sucursal 1,producto 5,2000,5,10000,otro,usuario 2
578,02/08/2022,18:20,sucursal 2,producto 9,2200,3,6600,tarjeta de credito,usuario 3
579,03/08/2022,21:54,sucursal 3,producto 3,1500,3,4500,codigo QR,usuario 4
580,04/08/2022,15:35,sucursal 3,producto 8,2700,3,8100,codigo QR,usuario 1
581,05/08/2022,22:40,sucursal 1,producto 10,4000,4,16000,otro,usuario 5
582,06/08/2022,21:54,sucursal 1,producto 5,2000,5,10000,codigo QR,usuario 2
583,07/08/2022,21:38,sucursal 1,producto 9,2200,3,6600,otro,usuario 3
584,08/08/2022,18:21,sucursal 3,producto 9,2200,4,8800,efectivo,usuario 3
585,09/08/2022,16:09,sucursal 1,producto 2,2500,4,10000,transferencia,usuario 2
586,10/08/2022,21:14,sucursal 1,producto 8,2700,2,5400,efectivo,usuario 2
587,11/08/2022,20:46,sucursal 3,producto 1,1000,4,4000,transferencia,usuario 4
588,12/08/2022,22:47,sucursal 3,producto 3,1500,5,7500,efectivo,usuario 4
589,13/08/2022,19:38,sucursal 3,producto 3,1500,5,7500,tarjeta de debito,usuario 1
590,14/08/2022,15:29,sucursal 3,producto 6,3500,4,14000,transferencia,usuario 5
591,15/08/2022,16:52,sucursal 3,producto 1,1000,1,1000,codigo QR,usuario 2
592,16/08/2022,19:37,sucursal 3,producto 6,3500,2,7000,efectivo,usuario 5
593,17/08/2022,21:37,sucursal 3,producto 6,3500,5,17500,tarjeta de debito,usuario 2
594,18/08/2022,15:12,sucursal 3,producto 7,1800,1,1800,tarjeta de credito,usuario 2
595,19/08/2022,21:32,sucursal 3,producto 8,2700,5,13500,tarjeta de debito,usuario 3
596,20/08/2022,20:58,sucursal 1,producto 1,1000,4,4000,transferencia,usuario 2
597,21/08/2022,20:18,sucursal 2,producto 1,1000,3,3000,tarjeta de credito,usuario 5
598,22/08/2022,12:47,sucursal 3,producto 7,1800,5,9000,transferencia,usuario 2
599,23/08/2022,10:08,sucursal 1,producto 1,1000,1,1000,transferencia,usuario 5
600,24/08/2022,19:30,sucursal 1,producto 7,1800,3,5400,tarjeta de debito,usuario 2
601,25/08/2022,19:39,sucursal 3,producto 8,2700,1,2700,transferencia,usuario 3
602,26/08/2022,19:18,sucursal 2,producto 8,2700,2,5400,otro,usuario 2
603,27/08/2022,19:25,sucursal 3,producto 9,2200,4,8800,tarjeta de debito,usuario 4
604,28/08/2022,20:50,sucursal 1,producto 5,2000,1,2000,tarjeta de debito,usuario 1
605,29/08/2022,11:53,sucursal 2,producto 5,2000,1,2000,tarjeta de credito,usuario 4
606,30/08/2022,12:12,sucursal 3,producto 2,2500,4,10000,efectivo,usuario 1
607,31/08/2022,18:16,sucursal 1,producto 5,2000,3,6000,tarjeta de debito,usuario 1
608,01/09/2022,21:45,sucursal 2,producto 1,1000,4,4000,tarjeta de debito,usuario 2
609,02/09/2022,13:25,sucursal 1,producto 9,2200,3,6600,transferencia,usuario 2
610,03/09/2022,16:42,sucursal 1,producto 3,1500,1,1500,tarjeta de debito,usuario 4
611,04/09/2022,18:22,sucursal 2,producto 8,2700,1,2700,transferencia,usuario 5
612,05/09/2022,20:50,sucursal 1,producto 10,4000,5,20000,tarjeta de debito,usuario 2
613,06/09/2022,10:39,sucursal 1,producto 5,2000,5,10000,otro,usuario 5
614,07/09/2022,20:36,sucursal 2,producto 3,1500,5,7500,tarjeta de debito,usuario 1
615,08/09/2022,21:56,sucursal 2,producto 10,4000,5,20000,tarjeta de credito,usuario 5
616,09/09/2022,17:55,sucursal 2,producto 9,2200,5,11000,transferencia,usuario 5
617,10/09/2022,09:42,sucursal 1,producto 3,1500,5,7500,otro,usuario 4
618,11/09/2022,20:33,sucursal 3,producto 5,2000,1,2000,tarjeta de credito,usuario 1
619,12/09/2022,15:45,sucursal 2,producto 5,2000,4,8000,codigo QR,usuario 5
620,13/09/2022,19:34,sucursal 3,producto 6,3500,5,17500,transferencia,usuario 3
621,14/09/2022,18:19,sucursal 2,producto 9,2200,4,8800,otro,usuario 4
622,15/09/2022,14:51,sucursal 2,producto 2,2500,4,10000,tarjeta de debito,usuario 4
623,16/09/2022,19:59,sucursal 2,producto 6,3500,5,17500,transferencia,usuario 1
624,17/09/2022,15:43,sucursal 1,producto 1,1000,1,1000,tarjeta de debito,usuario 1
625,18/09/2022,14:03,sucursal 3,producto 9,2200,3,6600,transferencia,usuario 3
626,19/09/2022,18:16,sucursal 1,producto 2,2500,4,10000,efectivo,usuario 5
627,20/09/2022,16:09,sucursal 3,producto 10,4000,2,8000,tarjeta de debito,usuario 1
628,21/09/2022,09:03,sucursal 2,producto 9,2200,2,4400,codigo QR,usuario 1
629,22/09/2022,14:04,sucursal 1,producto 2,2500,3,7500,efectivo,usuario 3
630,23/09/2022,17:44,sucursal 2,producto 3,1500,4,6000,otro,usuario 2
631,24/09/2022,15:40,sucursal 2,producto 9,2200,4,8800,tarjeta de credito,usuario 4
632,25/09/2022,09:34,sucursal 2,producto 7,1800,1,1800,efectivo,usuario 3
633,26/09/2022,09:28,sucursal 1,producto 6,3500,1,3500,transferencia,usuario 2
634,27/09/2022,17:26,sucursal 2,producto 10,4000,2,8000,codigo QR,usuario 3
635,28/09/2022,09:55,sucursal 1,producto 4,3000,2,6000,tarjeta de credito,usuario 1
636,29/09/2022,10:07,sucursal 2,producto 5,2000,4,8000,transferencia,usuario 3
637,30/09/2022,19:33,sucursal 3,producto 8,2700,2,5400,transferencia,usuario 3
638,01/10/2022,21:53,sucursal 3,producto 1,1000,4,4000,tarjeta de credito,usuario 3
639,02/10/2022,13:14,sucursal 3,producto 2,2500,4,10000,efectivo,usuario 3
640,03/10/2022,10:15,sucursal 2,producto 3,1500,5,7500,tarjeta de debito,usuario 4
641,04/10/2022,11:12,sucursal 1,producto 3,1500,3,4500,transferencia,usuario 1
642,05/10/2022,10:33,sucursal 2,producto 1,1000,4,4000,efectivo,usuario 2
643,06/10/2022,16:22,sucursal 3,producto 7,1800,5,9000,transferencia,usuario 5
644,07/10/2022,21:56,sucursal 3,producto 9,2200,1,2200,tarjeta de debito,usuario 4
645,08/10/2022,22:35,sucursal 3,producto 7,1800,2,3600,tarjeta de credito,usuario 5
646,09/10/2022,19:15,sucursal 2,producto 8,2700,1,2700,tarjeta de debito,usuario 3
647,10/10/2022,12:31,sucursal 3,producto 6,3500,2,7000,transferencia,usuario 4
648,11/10/2022,17:35,sucursal 3,producto 4,3000,5,15000,codigo QR,usuario 5
649,12/10/2022,09:37,sucursal 2,producto 10,4000,1,4000,transferencia,usuario 5
650,13/10/2022,13:59,sucursal 1,producto 8,2700,3,8100,efectivo,usuario 2
651,14/10/2022,20:22,sucursal 3,producto 8,2700,5,13500,otro,usuario 4
652,15/10/2022,13:21,sucursal 3,producto 1,1000,5,5000,otro,usuario 4
653,16/10/2022,20:48,sucursal 3,producto 5,2000,1,2000,efectivo,usuario 4
654,17/10/2022,10:23,sucursal 3,producto 10,4000,4,16000,efectivo,usuario 2
655,18/10/2022,10:26,sucursal 2,producto 3,1500,2,3000,transferencia,usuario 1
656,19/10/2022,18:05,sucursal 3,producto 5,2000,4,8000,otro,usuario 4
657,20/10/2022,14:18,sucursal 3,producto 1,1000,1,1000,transferencia,usuario 5
658,21/10/2022,11:10,sucursal 3,producto 3,1500,1,1500,otro,usuario 1
659,22/10/2022,10:49,sucursal 1,producto 4,3000,3,9000,tarjeta de debito,usuario 3
660,23/10/2022,10:48,sucursal 1,producto 3,1500,2,3000,tarjeta de debito,usuario 5
661,24/10/2022,16:48,sucursal 3,producto 9,2200,5,11000,tarjeta de debito,usuario 4
662,25/10/2022,10:08,sucursal 1,producto 6,3500,2,7000,transferencia,usuario 4
663,26/10/2022,15:58,sucursal 3,producto 7,1800,3,5400,tarjeta de debito,usuario 3
664,27/10/2022,17:52,sucursal 3,producto 1,1000,2,2000,otro,usuario 2
665,28/10/2022,21:41,sucursal 3,producto 6,3500,4,14000,otro,usuario 4
666,29/10/2022,12:05,sucursal 3,producto 8,2700,3,8100,codigo QR,usuario 4
667,30/10/2022,14:50,sucursal 2,producto 4,3000,5,15000,transferencia,usuario 2
668,31/10/2022,21:21,sucursal 2,producto 6,3500,4,14000,otro,usuario 5
669,01/11/2022,19:06,sucursal 2,producto 4,3000,2,6000,otro,usuario 1
670,02/11/2022,19:45,sucursal 3,producto 9,2200,1,2200,efectivo,usuario 4
671,03/11/2022,19:45,sucursal 2,producto 4,3000,5,15000,transferencia,usuario 1
672,04/11/2022,15:34,sucursal 2,producto 5,2000,5,10000,tarjeta de credito,usuario 3
673,05/11/2022,09:57,sucursal 1,producto 4,3000,5,15000,tarjeta de credito,usuario 3
674,06/11/2022,17:02,sucursal 3,producto 3,1500,3,4500,tarjeta de debito,usuario 4
675,07/11/2022,19:00,sucursal 1,producto 1,1000,1,1000,tarjeta de debito,usuario 1
676,08/11/2022,17:12,sucursal 2,producto 2,2500,1,2500,efectivo,usuario 4
677,09/11/2022,15:50,sucursal 1,producto 3,1500,2,3000,tarjeta de debito,usuario 5
678,10/11/2022,16:03,sucursal 1,producto 9,2200,1,2200,efectivo,usuario 4
679,11/11/2022,11:32,sucursal 1,producto 9,2200,2,4400,otro,usuario 1
680,12/11/2022,20:48,sucursal 1,producto 8,2700,2,5400,tarjeta de debito,usuario 3
681,13/11/2022,13:40,sucursal 2,producto 1,1000,2,2000,efectivo,usuario 3
682,14/11/2022,21:54,sucursal 2,producto 9,2200,5,11000,tarjeta de credito,usuario 1
683,15/11/2022,20:51,sucursal 2,producto 6,3500,5,17500,otro,usuario 3
684,16/11/2022,12:27,sucursal 1,producto 8,2700,4,10800,tarjeta de debito,usuario 4
685,17/11/2022,18:59,sucursal 2,producto 4,3000,4,12000,tarjeta de credito,usuario 1
686,18/11/2022,22:14,sucursal 2,producto 4,3000,4,12000,codigo QR,usuario 1
687,19/11/2022,12:22,sucursal 1,producto 5,2000,5,10000,transferencia,usuario 2
688,20/11/2022,20:16,sucursal 2,producto 3,1500,5,7500,tarjeta de debito,usuario 5
689,21/11/2022,12:33,sucursal 1,producto 2,2500,3,7500,efectivo,usuario 2
690,22/11/2022,09:48,sucursal 1,producto 1,1000,4,4000,efectivo,usuario 5
691,23/11/2022,18:29,sucursal 3,producto 4,3000,5,15000,tarjeta de credito,usuario 1
692,24/11/2022,11:02,sucursal 1,producto 10,4000,2,8000,tarjeta de credito,usuario 3
693,25/11/2022,21:17,sucursal 2,producto 9,2200,1,2200,otro,usuario 3
694,26/11/2022,09:40,sucursal 2,producto 5,2000,3,6000,tarjeta de debito,usuario 5
695,27/11/2022,16:13,sucursal 1,producto 10,4000,3,12000,tarjeta de debito,usuario 2
696,28/11/2022,15:38,sucursal 2,producto 2,2500,1,2500,otro,usuario 4
697,29/11/2022,15:04,sucursal 2,producto 3,1500,5,7500,codigo QR,usuario 2
698,30/11/2022,22:45,sucursal 2,producto 1,1000,5,5000,tarjeta de debito,usuario 2
699,01/12/2022,17:53,sucursal 3,producto 1,1000,1,1000,tarjeta de debito,usuario 5
700,02/12/2022,17:21,sucursal 3,producto 7,1800,3,5400,otro,usuario 5
701,03/12/2022,20:14,sucursal 2,producto 9,2200,3,6600,codigo QR,usuario 1
702,04/12/2022,14:11,sucursal 1,producto 6,3500,1,3500,efectivo,usuario 4
703,05/12/2022,10:30,sucursal 3,producto 7,1800,5,9000,tarjeta de credito,usuario 2
704,06/12/2022,21:52,sucursal 2,producto 3,1500,3,4500,otro,usuario 4
705,07/12/2022,18:04,sucursal 3,producto 6,3500,1,3500,tarjeta de debito,usuario 5
706,08/12/2022,11:57,sucursal 1,producto 6,3500,2,7000,tarjeta de debito,usuario 1
707,09/12/2022,10:31,sucursal 1,producto 4,3000,1,3000,tarjeta de credito,usuario 5
708,10/12/2022,21:41,sucursal 2,producto 7,1800,3,5400,otro,usuario 2
709,11/12/2022,17:36,sucursal 1,producto 10,4000,2,8000,tarjeta de credito,usuario 4
710,12/12/2022,20:05,sucursal 2,producto 9,2200,1,2200,tarjeta de credito,usuario 3
711,13/12/2022,20:48,sucursal 3,producto 9,2200,5,11000,transferencia,usuario 3
712,14/12/2022,17:28,sucursal 3,producto 5,2000,3,6000,tarjeta de debito,usuario 5
713,15/12/2022,11:12,sucursal 2,producto 9,2200,4,8800,transferencia,usuario 2
714,16/12/2022,16:07,sucursal 3,producto 9,2200,5,11000,otro,usuario 4
715,17/12/2022,16:05,sucursal 2,producto 4,3000,4,12000,tarjeta de debito,usuario 3
716,18/12/2022,22:59,sucursal 1,producto 3,1500,3,4500,tarjeta de debito,usuario 5
717,19/12/2022,14:22,sucursal 3,producto 8,2700,5,13500,transferencia,usuario 1
718,20/12/2022,21:45,sucursal 2,producto 8,2700,2,5400,codigo QR,usuario 2
719,21/12/2022,12:31,sucursal 1,producto 1,1000,3,3000,tarjeta de debito,usuario 3
720,22/12/2022,12:48,sucursal 3,producto 8,2700,3,8100,otro,usuario 2
721,23/12/2022,14:44,sucursal 1,producto 6,3500,1,3500,tarjeta de credito,usuario 4
722,24/12/2022,14:14,sucursal 1,producto 5,2000,1,2000,tarjeta de credito,usuario 2
723,25/12/2022,21:54,sucursal 1,producto 10,4000,5,20000,codigo QR,usuario 3
724,26/12/2022,16:36,sucursal 2,producto 1,1000,5,5000,otro,usuario 4
725,27/12/2022,13:46,sucursal 2,producto 2,2500,2,5000,transferencia,usuario 5
726,28/12/2022,15:59,sucursal 2,producto 6,3500,3,10500,otro,usuario 2
727,29/12/2022,22:28,sucursal 3,producto 10,4000,1,4000,efectivo,usuario 3
728,30/12/2022,12:50,sucursal 1,producto 2,2500,1,2500,transferencia,usuario 5
729,31/12/2022,11:40,sucursal 1,producto 4,3000,5,15000,transferencia,usuario 2
730,01/01/2023,11:57,sucursal 2,producto 9,2200,2,4400,codigo QR,usuario 5
731,02/01/2023,13:05,sucursal 2,producto 1,1000,1,1000,tarjeta de credito,usuario 5
732,03/01/2023,15:50,sucursal 1,producto 7,1800,3,5400,transferencia,usuario 5
733,04/01/2023,20:58,sucursal 1,producto 7,1800,2,3600,codigo QR,usuario 3
734,05/01/2023,22:53,sucursal 1,producto 8,2700,1,2700,tarjeta de debito,usuario 4
735,06/01/2023,11:29,sucursal 2,producto 1,1000,1,1000,tarjeta de debito,usuario 1
736,07/01/2023,12:37,sucursal 3,producto 10,4000,1,4000,codigo QR,usuario 5
737,08/01/2023,11:44,sucursal 2,producto 5,2000,5,10000,transferencia,usuario 2
738,09/01/2023,17:06,sucursal 3,producto 3,1500,3,4500,otro,usuario 1
739,10/01/2023,18:58,sucursal 1,producto 9,2200,2,4400,tarjeta de credito,usuario 1
740,11/01/2023,10:16,sucursal 2,producto 5,2000,2,4000,tarjeta de debito,usuario 2
741,12/01/2023,12:33,sucursal 3,producto 6,3500,4,14000,tarjeta de debito,usuario 5
742,13/01/2023,20:45,sucursal 1,producto 2,2500,4,10000,otro,usuario 1
743,14/01/2023,22:07,sucursal 3,producto 2,2500,1,2500,efectivo,usuario 1
744,15/01/2023,09:34,sucursal 3,producto 6,3500,1,3500,tarjeta de debito,usuario 1
745,16/01/2023,14:54,sucursal 2,producto 8,2700,4,10800,codigo QR,usuario 2
746,17/01/2023,14:07,sucursal 1,producto 4,3000,2,6000,transferencia,usuario 4
747,18/01/2023,13:19,sucursal 1,producto 1,1000,3,3000,otro,usuario 3
748,19/01/2023,19:35,sucursal 1,producto 1,1000,4,4000,transferencia,usuario 4
749,20/01/2023,20:48,sucursal 1,producto 9,2200,3,6600,otro,usuario 4
750,21/01/2023,13:01,sucursal 1,producto 9,2200,1,2200,efectivo,usuario 4
751,22/01/2023,15:27,sucursal 2,producto 3,1500,3,4500,efectivo,usuario 3
752,23/01/2023,13:28,sucursal 3,producto 4,3000,1,3000,codigo QR,usuario 5
753,24/01/2023,20:38,sucursal 3,producto 1,1000,3,3000,tarjeta de credito,usuario 2
754,25/01/2023,14:35,sucursal 2,producto 3,1500,5,7500,tarjeta de credito,usuario 1
755,26/01/2023,16:20,sucursal 3,producto 1,1000,2,2000,otro,usuario 4
756,27/01/2023,15:40,sucursal 2,producto 4,3000,3,9000,otro,usuario 5
757,28/01/2023,18:22,sucursal 1,producto 4,3000,3,9000,tarjeta de debito,usuario 4
758,29/01/2023,20:16,sucursal 2,producto 2,2500,5,12500,codigo QR,usuario 2
759,30/01/2023,11:04,sucursal 3,producto 6,3500,5,17500,otro,usuario 3
760,31/01/2023,14:51,sucursal 3,producto 8,2700,1,2700,tarjeta de credito,usuario 2
761,01/02/2023,09:53,sucursal 1,producto 8,2700,4,10800,efectivo,usuario 1
762,02/02/2023,17:36,sucursal 3,producto 7,1800,1,1800,transferencia,usuario 1
763,03/02/2023,15:16,sucursal 1,producto 7,1800,5,9000,transferencia,usuario 3
764,04/02/2023,22:03,sucursal 1,producto 4,3000,3,9000,tarjeta de debito,usuario 3
765,05/02/2023,19:14,sucursal 3,producto 9,2200,2,4400,otro,usuario 4
766,06/02/2023,15:46,sucursal 2,producto 2,2500,1,2500,codigo QR,usuario 5
767,07/02/2023,21:39,sucursal 3,producto 7,1800,4,7200,otro,usuario 4
768,08/02/2023,17:03,sucursal 1,producto 5,2000,3,6000,codigo QR,usuario 5
769,09/02/2023,16:44,sucursal 3,producto 5,2000,5,10000,codigo QR,usuario 5
770,10/02/2023,12:04,sucursal 2,producto 2,2500,3,7500,transferencia,usuario 4
771,11/02/2023,11:09,sucursal 3,producto 8,2700,5,13500,otro,usuario 2
772,12/02/2023,15:39,sucursal 1,producto 6,3500,5,17500,efectivo,usuario 1
773,13/02/2023,15:10,sucursal 3,producto 10,4000,2,8000,efectivo,usuario 3
774,14/02/2023,20:25,sucursal 1,producto 6,3500,5,17500,transferencia,usuario 5
775,15/02/2023,14:55,sucursal 1,producto 8,2700,4,10800,transferencia,usuario 5
776,16/02/2023,16:11,sucursal 2,producto 10,4000,1,4000,tarjeta de debito,usuario 1
777,17/02/2023,16:46,sucursal 1,producto 6,3500,5,17500,otro,usuario 2
778,18/02/2023,18:52,sucursal 1,producto 3,1500,2,3000,efectivo,usuario 5
779,19/02/2023,21:07,sucursal 1,producto 1,1000,1,1000,tarjeta de credito,usuario 5
780,20/02/2023,10:08,sucursal 3,producto 9,2200,1,2200,codigo QR,usuario 4
781,21/02/2023,11:12,sucursal 3,producto 2,2500,5,12500,tarjeta de credito,usuario 3
782,22/02/2023,14:50,sucursal 3,producto 4,3000,1,3000,otro,usuario 2
783,23/02/2023,14:55,sucursal 3,producto 2,2500,3,7500,codigo QR,usuario 2
784,24/02/2023,09:47,sucursal 2,producto 7,1800,4,7200,codigo QR,usuario 2
785,25/02/2023,12:29,sucursal 3,producto 10,4000,4,16000,tarjeta de credito,usuario 4
786,26/02/2023,09:08,sucursal 1,producto 6,3500,1,3500,tarjeta de debito,usuario 3
787,27/02/2023,14:00,sucursal 1,producto 9,2200,1,2200,codigo QR,usuario 3
788,28/02/2023,11:13,sucursal 3,producto 4,3000,2,6000,efectivo,usuario 3
789,01/03/2023,12:26,sucursal 1,producto 2,2500,1,2500,tarjeta de credito,usuario 5
790,02/03/2023,21:29,sucursal 2,producto 3,1500,5,7500,codigo QR,usuario 1
791,03/03/2023,14:07,sucursal 1,producto 5,2000,4,8000,transferencia,usuario 1
792,04/03/2023,13:22,sucursal 1,producto 6,3500,2,7000,tarjeta de credito,usuario 5
793,05/03/2023,13:36,sucursal 1,producto 4,3000,5,15000,transferencia,usuario 1
794,06/03/2023,11:00,sucursal 3,producto 1,1000,1,1000,efectivo,usuario 3
795,07/03/2023,11:22,sucursal 1,producto 7,1800,2,3600,otro,usuario 4
796,08/03/2023,09:12,sucursal 3,producto 2,2500,5,12500,transferencia,usuario 1
797,09/03/2023,16:47,sucursal 1,producto 7,1800,4,7200,codigo QR,usuario 1
798,10/03/2023,10:45,sucursal 3,producto 7,1800,3,5400,tarjeta de debito,usuario 5
799,11/03/2023,13:09,sucursal 2,producto 5,2000,3,6000,tarjeta de credito,usuario 5
800,12/03/2023,13:49,sucursal 1,producto 1,1000,5,5000,tarjeta de debito,usuario 5
801,13/03/2023,09:07,sucursal 3,producto 9,2200,2,4400,efectivo,usuario 3
802,14/03/2023,20:30,sucursal 3,producto 6,3500,3,10500,efectivo,usuario 2
803,15/03/2023,12:32,sucursal 3,producto 4,3000,4,12000,codigo QR,usuario 5
804,16/03/2023,22:23,sucursal 3,producto 4,3000,4,12000,transferencia,usuario 1
805,17/03/2023,21:57,sucursal 1,producto 5,2000,3,6000,otro,usuario 2
806,18/03/2023,13:16,sucursal 3,producto 1,1000,3,3000,codigo QR,usuario 2
807,19/03/2023,10:08,sucursal 3,producto 3,1500,3,4500,tarjeta de debito,usuario 4
808,20/03/2023,20:25,sucursal 3,producto 8,2700,3,8100,tarjeta de debito,usuario 4
809,21/03/2023,21:59,sucursal 2,producto 3,1500,5,7500,tarjeta de debito,usuario 1
810,22/03/2023,10:39,sucursal 2,producto 4,3000,3,9000,transferencia,usuario 1
811,23/03/2023,14:42,sucursal 1,producto 5,2000,4,8000,tarjeta de credito,usuario 5
812,24/03/2023,11:08,sucursal 2,producto 10,4000,1,4000,transferencia,usuario 3
813,25/03/2023,12:30,sucursal 3,producto 5,2000,2,4000,otro,usuario 1
814,26/03/2023,10:02,sucursal 3,producto 5,2000,3,6000,codigo QR,usuario 2
815,27/03/2023,18:01,sucursal 1,producto 10,4000,1,4000,tarjeta de debito,usuario 2
816,28/03/2023,18:32,sucursal 2,producto 1,1000,4,4000,efectivo,usuario 4
817,29/03/2023,11:39,sucursal 1,producto 8,2700,2,5400,codigo QR,usuario 2
818,30/03/2023,19:05,sucursal 1,producto 6,3500,5,17500,otro,usuario 5
819,31/03/2023,13:39,sucursal 1,producto 5,2000,1,2000,efectivo,usuario 1
820,01/04/2023,19:47,sucursal 3,producto 2,2500,3,7500,codigo QR,usuario 2
821,02/04/2023,13:46,sucursal 1,producto 4,3000,4,12000,codigo QR,usuario 5
822,03/04/2023,15:26,sucursal 1,producto 4,3000,3,9000,tarjeta de debito,usuario 1
823,04/04/2023,16:21,sucursal 3,producto 3,1500,4,6000,codigo QR,usuario 1
824,05/04/2023,11:55,sucursal 1,producto 4,3000,2,6000,otro,usuario 1
825,06/04/2023,13:14,sucursal 1,producto 9,2200,2,4400,tarjeta de credito,usuario 2
826,07/04/2023,12:19,sucursal 2,producto 1,1000,4,4000,tarjeta de debito,usuario 4
827,08/04/2023,13:07,sucursal 1,producto 10,4000,4,16000,codigo QR,usuario 2
828,09/04/2023,09:35,sucursal 1,producto 7,1800,1,1800,otro,usuario 5
829,10/04/2023,15:31,sucursal 1,producto 8,2700,5,13500,otro,usuario 1
830,11/04/2023,11:37,sucursal 3,producto 10,4000,1,4000,codigo QR,usuario 3
831,12/04/2023,13:22,sucursal 1,producto 1,1000,4,4000,tarjeta de debito,usuario 1
832,13/04/2023,22:49,sucursal 3,producto 2,2500,3,7500,codigo QR,usuario 1
833,14/04/2023,11:51,sucursal 2,producto 9,2200,3,6600,transferencia,usuario 5
834,15/04/2023,10:37,sucursal 2,producto 7,1800,1,1800,tarjeta de debito,usuario 4
835,16/04/2023,18:38,sucursal 3,producto 9,2200,3,6600,tarjeta de debito,usuario 2
836,17/04/2023,15:02,sucursal 2,producto 3,1500,5,7500,otro,usuario 3
837,18/04/2023,17:24,sucursal 1,producto 3,1500,1,1500,tarjeta de debito,usuario 1
838,19/04/2023,19:40,sucursal 2,producto 3,1500,3,4500,codigo QR,usuario 2
839,20/04/2023,21:59,sucursal 3,producto 6,3500,3,10500,transferencia,usuario 5
840,21/04/2023,21:35,sucursal 3,producto 8,2700,1,2700,tarjeta de credito,usuario 5
841,22/04/2023,18:06,sucursal 2,producto 2,2500,4,10000,transferencia,usuario 5
842,23/04/2023,16:12,sucursal 1,producto 1,1000,1,1000,otro,usuario 5
843,24/04/2023,13:14,sucursal 1,producto 2,2500,4,10000,tarjeta de credito,usuario 4
844,25/04/2023,13:21,sucursal 2,producto 10,4000,2,8000,tarjeta de debito,usuario 2
845,26/04/2023,15:49,sucursal 3,producto 6,3500,2,7000,codigo QR,usuario 4
846,27/04/2023,12:16,sucursal 2,producto 2,2500,3,7500,transferencia,usuario 4
847,28/04/2023,14:48,sucursal 1,producto 9,2200,1,2200,otro,usuario 3
848,29/04/2023,16:16,sucursal 1,producto 5,2000,5,10000,tarjeta de debito,usuario 2
849,30/04/2023,16:45,sucursal 3,producto 5,2000,3,6000,codigo QR,usuario 5
850,01/05/2023,19:58,sucursal 3,producto 2,2500,2,5000,tarjeta de credito,usuario 2
851,02/05/2023,11:40,sucursal 2,producto 10,4000,2,8000,tarjeta de debito,usuario 1
852,03/05/2023,17:28,sucursal 3,producto 3,1500,5,7500,efectivo,usuario 5
853,04/05/2023,16:00,sucursal 1,producto 6,3500,5,17500,tarjeta de debito,usuario 2
854,05/05/2023,11:52,sucursal 1,producto 4,3000,4,12000,efectivo,usuario 3
855,06/05/2023,20:29,sucursal 3,producto 3,1500,5,7500,efectivo,usuario 4
856,07/05/2023,19:10,sucursal 1,producto 4,3000,1,3000,transferencia,usuario 3
857,08/05/2023,20:51,sucursal 1,producto 5,2000,2,4000,efectivo,usuario 4
858,09/05/2023,16:44,sucursal 2,producto 5,2000,5,10000,efectivo,usuario 3
859,10/05/2023,13:33,sucursal 3,producto 6,3500,1,3500,transferencia,usuario 1
860,11/05/2023,19:25,sucursal 3,producto 4,3000,5,15000,tarjeta de debito,usuario 2
861,12/05/2023,18:18,sucursal 2,producto 10,4000,1,4000,tarjeta de debito,usuario 3
862,13/05/2023,19:56,sucursal 2,producto 8,2700,3,8100,efectivo,usuario 1
863,14/05/2023,17:12,sucursal 2,producto 7,1800,4,7200,efectivo,usuario 3
864,15/05/2023,20:38,sucursal 1,producto 8,2700,1,2700,codigo QR,usuario 3
865,16/05/2023,20:35,sucursal 1,producto 1,1000,5,5000,otro,usuario 5
866,17/05/2023,11:10,sucursal 2,producto 10,4000,5,20000,tarjeta de credito,usuario 4
867,18/05/2023,09:15,sucursal 2,producto 5,2000,5,10000,codigo QR,usuario 5
868,19/05/2023,14:44,sucursal 1,producto 10,4000,1,4000,tarjeta de credito,usuario 5
869,20/05/2023,22:55,sucursal 1,producto 1,1000,3,3000,otro,usuario 4
870,21/05/2023,22:28,sucursal 1,producto 2,2500,1,2500,efectivo,usuario 2
871,22/05/2023,12:32,sucursal 2,producto 9,2200,4,8800,codigo QR,usuario 5
872,23/05/2023,19:02,sucursal 2,producto 8,2700,4,10800,codigo QR,usuario 3
873,24/05/2023,17:22,sucursal 2,producto 2,2500,5,12500,tarjeta de debito,usuario 3
874,25/05/2023,13:07,sucursal 1,producto 3,1500,3,4500,efectivo,usuario 5
875,26/05/2023,09:14,sucursal 2,producto 8,2700,2,5400,tarjeta de debito,usuario 5
876,27/05/2023,13:46,sucursal 2,producto 10,4000,4,16000,otro,usuario 3
877,28/05/2023,12:32,sucursal 2,producto 10,4000,5,20000,efectivo,usuario 3
878,29/05/2023,10:13,sucursal 3,producto 4,3000,4,12000,transferencia,usuario 5
879,30/05/2023,12:18,sucursal 2,producto 1,1000,5,5000,codigo QR,usuario 2
880,31/05/2023,09:43,sucursal 2,producto 9,2200,1,2200,efectivo,usuario 4
881,01/06/2023,19:23,sucursal 1,producto 4,3000,3,9000,tarjeta de debito,usuario 3
882,02/06/2023,13:34,sucursal 2,producto 9,2200,5,11000,codigo QR,usuario 5
883,03/06/2023,09:09,sucursal 1,producto 1,1000,2,2000,tarjeta de credito,usuario 4
884,04/06/2023,17:30,sucursal 1,producto 1,1000,1,1000,efectivo,usuario 3
885,05/06/2023,15:57,sucursal 1,producto 3,1500,3,4500,transferencia,usuario 3
886,06/06/2023,10:33,sucursal 3,producto 1,1000,5,5000,codigo QR,usuario 4
887,07/06/2023,12:16,sucursal 2,producto 10,4000,2,8000,efectivo,usuario 1
888,08/06/2023,14:08,sucursal 1,producto 7,1800,1,1800,transferencia,usuario 2
889,09/06/2023,13:43,sucursal 2,producto 6,3500,4,14000,efectivo,usuario 4
890,10/06/2023,16:44,sucursal 2,producto 8,2700,1,2700,codigo QR,usuario 5
891,11/06/2023,21:47,sucursal 1,producto 8,2700,3,8100,efectivo,usuario 1
892,12/06/2023,22:31,sucursal 2,producto 9,2200,4,8800,efectivo,usuario 1
893,13/06/2023,19:45,sucursal 3,producto 3,1500,2,3000,tarjeta de debito,usuario 4
894,14/06/2023,21:40,sucursal 1,producto 3,1500,4,6000,tarjeta de debito,usuario 4
895,15/06/2023,17:04,sucursal 1,producto 5,2000,2,4000,tarjeta de debito,usuario 4
896,16/06/2023,12:15,sucursal 1,producto 2,2500,3,7500,tarjeta de credito,usuario 2
897,17/06/2023,20:34,sucursal 1,producto 9,2200,2,4400,tarjeta de debito,usuario 3
898,18/06/2023,11:26,sucursal 3,producto 5,2000,5,10000,tarjeta de credito,usuario 1
899,19/06/2023,10:51,sucursal 3,producto 5,2000,2,4000,codigo QR,usuario 3
900,20/06/2023,14:10,sucursal 3,producto 6,3500,1,3500,transferencia,usuario 5
901,21/06/2023,15:25,sucursal 1,producto 2,2500,2,5000,codigo QR,usuario 5
902,22/06/2023,16:45,sucursal 2,producto 1,1000,2,2000,efectivo,usuario 1
903,23/06/2023,13:42,sucursal 2,producto 3,1500,5,7500,efectivo,usuario 5
904,24/06/2023,12:35,sucursal 2,producto 6,3500,5,17500,codigo QR,usuario 3
905,25/06/2023,14:34,sucursal 3,producto 8,2700,4,10800,otro,usuario 2
906,26/06/2023,11:53,sucursal 2,producto 2,2500,2,5000,tarjeta de debito,usuario 2
907,27/06/2023,13:47,sucursal 3,producto 4,3000,2,6000,tarjeta de debito,usuario 5
908,28/06/2023,22:01,sucursal 1,producto 9,2200,2,4400,efectivo,usuario 2
909,29/06/2023,20:15,sucursal 3,producto 3,1500,1,1500,tarjeta de debito,usuario 4
910,30/06/2023,10:02,sucursal 2,producto 6,3500,2,7000,codigo QR,usuario 1
911,01/07/2023,21:52,sucursal 1,producto 1,1000,5,5000,tarjeta de credito,usuario 1
912,02/07/2023,13:07,sucursal 1,producto 4,3000,2,6000,tarjeta de credito,usuario 5
913,03/07/2023,15:51,sucursal 1,producto 6,3500,4,14000,otro,usuario 5
914,04/07/2023,22:14,sucursal 3,producto 10,4000,4,16000,otro,usuario 4
915,05/07/2023,18:32,sucursal 2,producto 5,2000,5,10000,codigo QR,usuario 3
916,06/07/2023,10:37,sucursal 1,producto 10,4000,5,20000,tarjeta de debito,usuario 4
917,07/07/2023,11:09,sucursal 2,producto 4,3000,5,15000,codigo QR,usuario 4
918,08/07/2023,14:12,sucursal 1,producto 10,4000,4,16000,otro,usuario 3
919,09/07/2023,09:39,sucursal 2,producto 4,3000,2,6000,tarjeta de debito,usuario 2
920,10/07/2023,09:47,sucursal 3,producto 5,2000,1,2000,codigo QR,usuario 2
921,11/07/2023,11:10,sucursal 2,producto 10,4000,4,16000,otro,usuario 5
922,12/07/2023,17:33,sucursal 2,producto 2,2500,1,2500,efectivo,usuario 3
923,13/07/2023,20:41,sucursal 2,producto 4,3000,5,15000,otro,usuario 2
924,14/07/2023,14:44,sucursal 2,producto 5,2000,5,10000,otro,usuario 3
925,15/07/2023,13:42,sucursal 1,producto 8,2700,1,2700,tarjeta de debito,usuario 4
926,16/07/2023,21:31,sucursal 2,producto 3,1500,2,3000,codigo QR,usuario 2
927,17/07/2023,10:09,sucursal 1,producto 4,3000,4,12000,tarjeta de debito,usuario 4
928,18/07/2023,21:53,sucursal 3,producto 6,3500,3,10500,codigo QR,usuario 2
929,19/07/2023,19:45,sucursal 3,producto 9,2200,5,11000,transferencia,usuario 4
930,20/07/2023,09:28,sucursal 2,producto 2,2500,3,7500,otro,usuario 5
931,21/07/2023,21:13,sucursal 2,producto 6,3500,3,10500,tarjeta de credito,usuario 2
932,22/07/2023,21:49,sucursal 1,producto 8,2700,3,8100,transferencia,usuario 4
933,23/07/2023,10:06,sucursal 1,producto 5,2000,3,6000,tarjeta de credito,usuario 5
934,24/07/2023,20:47,sucursal 1,producto 2,2500,5,12500,tarjeta de credito,usuario 4
935,25/07/2023,19:04,sucursal 1,producto 2,2500,5,12500,tarjeta de debito,usuario 1
936,26/07/2023,10:16,sucursal 1,producto 7,1800,5,9000,codigo QR,usuario 3
937,27/07/2023,18:43,sucursal 2,producto 10,4000,1,4000,tarjeta de debito,usuario 5
938,28/07/2023,14:28,sucursal 2,producto 3,1500,2,3000,tarjeta de debito,usuario 4
939,29/07/2023,16:36,sucursal 3,producto 10,4000,3,12000,tarjeta de debito,usuario 1
940,30/07/2023,13:29,sucursal 2,producto 2,2500,1,2500,codigo QR,usuario 5
941,31/07/2023,13:28,sucursal 3,producto 5,2000,1,2000,efectivo,usuario 4
942,01/08/2023,22:36,sucursal 1,producto 1,1000,3,3000,tarjeta de debito,usuario 4
943,02/08/2023,16:52,sucursal 3,producto 2,2500,4,10000,otro,usuario 3
944,03/08/2023,16:49,sucursal 2,producto 8,2700,3,8100,codigo QR,usuario 3
945,04/08/2023,22:40,sucursal 2,producto 1,1000,2,2000,efectivo,usuario 4
946,05/08/2023,10:07,sucursal 3,producto 9,2200,1,2200,transferencia,usuario 1
947,06/08/2023,21:48,sucursal 1,producto 8,2700,1,2700,transferencia,usuario 5
948,07/08/2023,15:11,sucursal 3,producto 8,2700,2,5400,tarjeta de credito,usuario 1
949,08/08/2023,14:39,sucursal 3,producto 9,2200,5,11000,transferencia,usuario 4
950,09/08/2023,10:36,sucursal 3,producto 4,3000,2,6000,tarjeta de credito,usuario 4
951,10/08/2023,18:16,sucursal 1,producto 7,1800,4,7200,tarjeta de credito,usuario 2
952,11/08/2023,15:51,sucursal 1,producto 3,1500,4,6000,efectivo,usuario 3
953,12/08/2023,14:25,sucursal 3,producto 1,1000,5,5000,codigo QR,usuario 4
954,13/08/2023,19:38,sucursal 3,producto 6,3500,4,14000,otro,usuario 2
955,14/08/2023,20:16,sucursal 1,producto 1,1000,1,1000,otro,usuario 4
956,15/08/2023,15:50,sucursal 3,producto 5,2000,2,4000,tarjeta de debito,usuario 3
957,16/08/2023,20:48,sucursal 1,producto 7,1800,5,9000,tarjeta de debito,usuario 1
958,17/08/2023,09:01,sucursal 3,producto 10,4000,2,8000,codigo QR,usuario 1
959,18/08/2023,17:08,sucursal 3,producto 9,2200,3,6600,tarjeta de credito,usuario 5
960,19/08/2023,11:48,sucursal 2,producto 7,1800,5,9000,efectivo,usuario 1
961,20/08/2023,19:37,sucursal 1,producto 4,3000,3,9000,transferencia,usuario 1
962,21/08/2023,18:35,sucursal 3,producto 10,4000,1,4000,codigo QR,usuario 2
963,22/08/2023,11:17,sucursal 2,producto 8,2700,4,10800,transferencia,usuario 3
964,23/08/2023,21:07,sucursal 1,producto 5,2000,2,4000,tarjeta de debito,usuario 4
965,24/08/2023,20:09,sucursal 2,producto 1,1000,3,3000,efectivo,usuario 1
966,25/08/2023,13:13,sucursal 3,producto 6,3500,1,3500,codigo QR,usuario 3
967,26/08/2023,19:49,sucursal 3,producto 5,2000,2,4000,codigo QR,usuario 3
968,27/08/2023,13:42,sucursal 2,producto 8,2700,2,5400,tarjeta de credito,usuario 2
969,28/08/2023,09:13,sucursal 3,producto 2,2500,2,5000,otro,usuario 2
970,29/08/2023,16:38,sucursal 1,producto 3,1500,2,3000,efectivo,usuario 2
971,30/08/2023,21:06,sucursal 1,producto 3,1500,3,4500,codigo QR,usuario 1
972,31/08/2023,11:53,sucursal 1,producto 10,4000,5,20000,otro,usuario 2
973,01/09/2023,19:05,sucursal 2,producto 1,1000,2,2000,codigo QR,usuario 5
974,02/09/2023,13:39,sucursal 2,producto 8,2700,4,10800,tarjeta de debito,usuario 3
975,03/09/2023,20:05,sucursal 3,producto 2,2500,2,5000,transferencia,usuario 1
976,04/09/2023,11:23,sucursal 2,producto 4,3000,5,15000,tarjeta de debito,usuario 5
977,05/09/2023,19:44,sucursal 1,producto 8,2700,4,10800,efectivo,usuario 2
978,06/09/2023,12:35,sucursal 2,producto 5,2000,2,4000,otro,usuario 5
979,07/09/2023,13:17,sucursal 1,producto 4,3000,4,12000,transferencia,usuario 4
980,08/09/2023,17:10,sucursal 1,producto 7,1800,2,3600,transferencia,usuario 5
981,09/09/2023,15:18,sucursal 2,producto 1,1000,5,5000,otro,usuario 3
982,10/09/2023,11:45,sucursal 2,producto 4,3000,2,6000,codigo QR,usuario 4
983,11/09/2023,12:30,sucursal 3,producto 10,4000,2,8000,efectivo,usuario 4
984,12/09/2023,16:14,sucursal 2,producto 5,2000,2,4000,tarjeta de credito,usuario 2
985,13/09/2023,16:33,sucursal 3,producto 6,3500,4,14000,codigo QR,usuario 1
986,14/09/2023,20:31,sucursal 1,producto 5,2000,3,6000,codigo QR,usuario 3
987,15/09/2023,21:58,sucursal 2,producto 9,2200,1,2200,tarjeta de credito,usuario 1
988,16/09/2023,10:32,sucursal 2,producto 2,2500,5,12500,tarjeta de debito,usuario 3
989,17/09/2023,13:23,sucursal 1,producto 3,1500,2,3000,tarjeta de credito,usuario 5
990,18/09/2023,14:11,sucursal 2,producto 3,1500,2,3000,otro,usuario 5
991,19/09/2023,22:50,sucursal 3,producto 4,3000,3,9000,tarjeta de credito,usuario 1
992,20/09/2023,16:13,sucursal 2,producto 7,1800,3,5400,tarjeta de debito,usuario 3
993,21/09/2023,14:43,sucursal 3,producto 3,1500,4,6000,tarjeta de credito,usuario 2
994,22/09/2023,21:55,sucursal 1,producto 4,3000,5,15000,tarjeta de credito,usuario 2
995,23/09/2023,21:41,sucursal 1,producto 5,2000,5,10000,transferencia,usuario 2
996,24/09/2023,16:06,sucursal 3,producto 8,2700,2,5400,otro,usuario 5
997,25/09/2023,15:44,sucursal 2,producto 9,2200,5,11000,tarjeta de credito,usuario 3
998,26/09/2023,14:11,sucursal 1,producto 6,3500,2,7000,tarjeta de debito,usuario 4
999,27/09/2023,13:29,sucursal 2,producto 9,2200,4,8800,transferencia,usuario 4
1000,28/09/2023,21:57,sucursal 1,producto 9,2200,5,11000,efectivo,usuario 2
1001,29/09/2023,10:10,sucursal 2,producto 6,3500,2,7000,otro,usuario 1
1002,30/09/2023,22:31,sucursal 1,producto 7,1800,4,7200,tarjeta de debito,usuario 1
1003,01/10/2023,19:34,sucursal 3,producto 2,2500,1,2500,transferencia,usuario 1
1004,02/10/2023,11:27,sucursal 2,producto 9,2200,5,11000,tarjeta de debito,usuario 1
1005,03/10/2023,22:12,sucursal 2,producto 3,1500,3,4500,otro,usuario 3
1006,04/10/2023,14:18,sucursal 1,producto 3,1500,3,4500,otro,usuario 1
1007,05/10/2023,12:35,sucursal 2,producto 5,2000,5,10000,transferencia,usuario 3
1008,06/10/2023,22:13,sucursal 1,producto 10,4000,1,4000,efectivo,usuario 3
1009,07/10/2023,18:34,sucursal 3,producto 8,2700,5,13500,codigo QR,usuario 3
1010,08/10/2023,11:35,sucursal 1,producto 5,2000,2,4000,tarjeta de debito,usuario 5
1011,09/10/2023,14:11,sucursal 3,producto 6,3500,4,14000,transferencia,usuario 2
1012,10/10/2023,10:30,sucursal 1,producto 4,3000,4,12000,tarjeta de credito,usuario 1
1013,11/10/2023,12:25,sucursal 3,producto 9,2200,4,8800,transferencia,usuario 4
1014,12/10/2023,22:00,sucursal 3,producto 8,2700,1,2700,efectivo,usuario 5
1015,13/10/2023,13:29,sucursal 2,producto 3,1500,4,6000,transferencia,usuario 2
1016,14/10/2023,19:06,sucursal 3,producto 10,4000,2,8000,codigo QR,usuario 5
1017,15/10/2023,13:58,sucursal 3,producto 6,3500,2,7000,codigo QR,usuario 5
1018,16/10/2023,12:14,sucursal 2,producto 3,1500,4,6000,otro,usuario 3
1019,17/10/2023,17:21,sucursal 1,producto 7,1800,2,3600,efectivo,usuario 4
1020,18/10/2023,18:00,sucursal 2,producto 4,3000,2,6000,codigo QR,usuario 2
1021,19/10/2023,16:39,sucursal 3,producto 9,2200,4,8800,codigo QR,usuario 4
1022,20/10/2023,22:33,sucursal 2,producto 5,2000,1,2000,tarjeta de debito,usuario 3
1023,21/10/2023,22:32,sucursal 2,producto 1,1000,5,5000,codigo QR,usuario 4
1024,22/10/2023,14:11,sucursal 1,producto 10,4000,1,4000,tarjeta de credito,usuario 3
1025,23/10/2023,22:49,sucursal 1,producto 2,2500,2,5000,tarjeta de credito,usuario 2
1026,24/10/2023,11:45,sucursal 2,producto 8,2700,5,13500,tarjeta de credito,usuario 3
1027,25/10/2023,22:59,sucursal 3,producto 3,1500,5,7500,transferencia,usuario 1
1028,26/10/2023,20:35,sucursal 2,producto 6,3500,3,10500,tarjeta de debito,usuario 2
1029,27/10/2023,09:38,sucursal 2,producto 3,1500,2,3000,efectivo,usuario 3
1030,28/10/2023,18:55,sucursal 3,producto 10,4000,4,16000,codigo QR,usuario 3
1031,29/10/2023,19:27,sucursal 2,producto 8,2700,3,8100,codigo QR,usuario 2
1032,30/10/2023,11:20,sucursal 1,producto 8,2700,3,8100,efectivo,usuario 3
1033,31/10/2023,22:20,sucursal 2,producto 2,2500,5,12500,tarjeta de credito,usuario 4
1034,01/11/2023,18:39,sucursal 1,producto 10,4000,2,8000,codigo QR,usuario 1
1035,02/11/2023,10:19,sucursal 1,producto 3,1500,1,1500,otro,usuario 3
1036,03/11/2023,12:06,sucursal 1,producto 4,3000,3,9000,efectivo,usuario 5
1037,04/11/2023,18:57,sucursal 1,producto 5,2000,2,4000,transferencia,usuario 3
1038,05/11/2023,15:24,sucursal 3,producto 3,1500,2,3000,tarjeta de credito,usuario 3
1039,06/11/2023,19:48,sucursal 2,producto 7,1800,4,7200,efectivo,usuario 3
1040,07/11/2023,09:48,sucursal 3,producto 4,3000,3,9000,otro,usuario 4
1041,08/11/2023,12:08,sucursal 1,producto 2,2500,2,5000,otro,usuario 2
1042,09/11/2023,21:21,sucursal 2,producto 8,2700,2,5400,transferencia,usuario 2
1043,10/11/2023,19:39,sucursal 3,producto 8,2700,5,13500,efectivo,usuario 2
1044,11/11/2023,15:10,sucursal 3,producto 2,2500,2,5000,codigo QR,usuario 5
1045,12/11/2023,14:31,sucursal 2,producto 7,1800,3,5400,efectivo,usuario 1
1046,13/11/2023,20:44,sucursal 2,producto 8,2700,5,13500,tarjeta de debito,usuario 4
1047,14/11/2023,11:48,sucursal 3,producto 3,1500,3,4500,tarjeta de credito,usuario 4
1048,15/11/2023,12:02,sucursal 1,producto 10,4000,1,4000,codigo QR,usuario 1
1049,16/11/2023,13:59,sucursal 1,producto 3,1500,1,1500,efectivo,usuario 1
1050,17/11/2023,21:34,sucursal 2,producto 4,3000,1,3000,efectivo,usuario 2
1051,18/11/2023,11:10,sucursal 1,producto 9,2200,4,8800,tarjeta de debito,usuario 5
1052,19/11/2023,13:04,sucursal 3,producto 6,3500,4,14000,tarjeta de debito,usuario 5
1053,20/11/2023,16:03,sucursal 3,producto 7,1800,5,9000,tarjeta de credito,usuario 1
1054,21/11/2023,11:29,sucursal 2,producto 4,3000,1,3000,tarjeta de debito,usuario 5
1055,22/11/2023,22:49,sucursal 2,producto 2,2500,3,7500,tarjeta de debito,usuario 5
1056,23/11/2023,17:14,sucursal 1,producto 6,3500,3,10500,transferencia,usuario 1
1057,24/11/2023,09:30,sucursal 2,producto 2,2500,4,10000,efectivo,usuario 2
1058,25/11/2023,20:01,sucursal 2,producto 4,3000,3,9000,codigo QR,usuario 4
1059,26/11/2023,16:54,sucursal 2,producto 10,4000,3,12000,otro,usuario 2
1060,27/11/2023,11:21,sucursal 1,producto 8,2700,4,10800,tarjeta de debito,usuario 3
1061,28/11/2023,09:17,sucursal 2,producto 8,2700,2,5400,efectivo,usuario 1
1062,29/11/2023,09:45,sucursal 3,producto 5,2000,5,10000,codigo QR,usuario 4
1063,30/11/2023,22:03,sucursal 1,producto 4,3000,5,15000,codigo QR,usuario 2
1064,01/12/2023,10:35,sucursal 1,producto 9,2200,2,4400,efectivo,usuario 4
1065,02/12/2023,11:36,sucursal 3,producto 2,2500,4,10000,codigo QR,usuario 4
1066,03/12/2023,16:42,sucursal 1,producto 6,3500,2,7000,otro,usuario 1
1067,04/12/2023,22:51,sucursal 2,producto 1,1000,3,3000,transferencia,usuario 2
1068,05/12/2023,09:04,sucursal 2,producto 6,3500,4,14000,tarjeta de debito,usuario 2
1069,06/12/2023,10:10,sucursal 3,producto 1,1000,1,1000,tarjeta de debito,usuario 2
1070,07/12/2023,19:00,sucursal 2,producto 3,1500,1,1500,otro,usuario 1
1071,08/12/2023,20:42,sucursal 2,producto 4,3000,4,12000,otro,usuario 5
1072,09/12/2023,20:21,sucursal 3,producto 1,1000,3,3000,tarjeta de credito,usuario 2
1073,10/12/2023,19:58,sucursal 1,producto 1,1000,3,3000,tarjeta de credito,usuario 5
1074,11/12/2023,12:49,sucursal 1,producto 8,2700,5,13500,tarjeta de debito,usuario 3
1075,12/12/2023,14:48,sucursal 2,producto 4,3000,3,9000,tarjeta de credito,usuario 2
1076,13/12/2023,21:40,sucursal 2,producto 9,2200,3,6600,codigo QR,usuario 3
1077,14/12/2023,15:42,sucursal 1,producto 6,3500,3,10500,codigo QR,usuario 5
1078,15/12/2023,18:37,sucursal 2,producto 9,2200,1,2200,tarjeta de credito,usuario 1
1079,16/12/2023,22:06,sucursal 3,producto 7,1800,3,5400,transferencia,usuario 3
1080,17/12/2023,17:44,sucursal 1,producto 4,3000,2,6000,efectivo,usuario 3
1081,18/12/2023,10:03,sucursal 2,producto 2,2500,4,10000,efectivo,usuario 2
1082,19/12/2023,21:23,sucursal 3,producto 5,2000,4,8000,tarjeta de debito,usuario 5
1083,20/12/2023,13:50,sucursal 2,producto 9,2200,1,2200,tarjeta de credito,usuario 5
1084,21/12/2023,14:32,sucursal 1,producto 2,2500,2,5000,otro,usuario 1
1085,22/12/2023,15:01,sucursal 2,producto 7,1800,4,7200,transferencia,usuario 4
1086,23/12/2023,19:34,sucursal 3,producto 3,1500,4,6000,otro,usuario 5
1087,24/12/2023,10:28,sucursal 3,producto 9,2200,5,11000,otro,usuario 1
1088,25/12/2023,17:59,sucursal 3,producto 10,4000,1,4000,efectivo,usuario 4
1089,26/12/2023,15:20,sucursal 1,producto 3,1500,2,3000,tarjeta de debito,usuario 3
1090,27/12/2023,16:41,sucursal 3,producto 2,2500,2,5000,transferencia,usuario 1
1091,28/12/2023,13:57,sucursal 2,producto 1,1000,2,2000,otro,usuario 4
1092,29/12/2023,14:49,sucursal 2,producto 10,4000,1,4000,tarjeta de credito,usuario 5
1093,30/12/2023,10:39,sucursal 1,producto 3,1500,5,7500,codigo QR,usuario 5
1094,31/12/2023,21:17,sucursal 1,producto 6,3500,2,7000,otro,usuario 5
